101,866,1,A,1,1,1
101,867,1,A,1,1,2
101,865,1,A,1,1,3
101,864,1,A,1,2,1
101,878,1,A,1,2,2
101,876,1,A,1,2,3
101,877,1,A,1,3,1
101,868,1,A,1,3,2
101,869,1,A,1,3,3
101,862,1,A,1,4,1
101,863,1,A,1,4,2
101,860,1,A,1,4,3
101,861,1,A,1,5,1
101,856,1,A,1,5,2
101,857,1,A,1,5,3
101,858,1,A,1,6,1
101,859,1,A,1,6,2
101,832,1,A,3,4,1
101,833,1,A,3,4,2
101,834,1,A,3,4,3
101,835,1,A,3,5,1
101,828,1,A,3,5,2
101,829,1,A,3,5,3
101,830,1,A,3,6,1
101,831,1,A,3,6,2
101,842,1,A,3,6,3
101,843,1,A,3,7,1
101,854,1,A,3,7,2
101,855,1,A,3,7,3
101,852,1,A,3,8,1
101,853,1,A,3,8,2
101,836,1,A,3,8,3
101,837,1,A,3,9,1
101,870,1,A,3,9,2
101,871,1,A,3,9,3
101,838,1,A,4,1,1
101,839,1,A,4,1,2
101,872,1,A,4,1,3
101,873,1,A,4,2,1
101,874,1,A,4,2,2
101,875,1,A,4,2,3
101,840,1,A,4,3,1
101,841,1,A,4,3,2
101,848,1,A,4,3,3
101,849,1,A,4,4,1
101,850,1,A,4,4,2
101,851,1,A,4,4,3
101,844,1,A,4,5,1
101,845,1,A,4,5,2
101,846,1,A,4,5,3
101,847,1,A,4,6,1
101,880,1,B,7,1,1
101,890,1,B,7,1,2
101,883,1,B,7,1,3
101,884,1,B,7,2,1
101,879,1,B,7,2,2
101,881,1,B,7,2,3
101,882,1,B,7,3,1
101,891,1,B,7,3,2
101,889,1,B,7,3,3
101,887,1,B,7,4,1
101,888,1,B,7,4,2
101,892,1,B,7,4,3
101,893,1,B,7,5,1
101,894,1,B,7,5,2
101,895,1,B,7,5,3
101,896,1,B,7,6,1
101,897,1,B,7,6,2
101,885,1,B,7,6,3
101,886,1,B,7,7,1
101,788,2,A,1,1,1
101,790,2,A,1,1,2
101,789,2,A,1,1,3
101,802,2,A,1,2,1
101,801,2,A,1,2,2
101,800,2,A,1,2,3
101,821,2,A,1,3,1
101,825,2,A,1,3,2
101,816,2,A,1,3,3
101,824,2,A,1,4,1
101,799,2,A,1,4,2
101,797,2,A,4,1,1
101,817,2,A,4,1,2
101,812,2,A,4,1,3
101,811,2,A,4,2,1
101,794,2,A,4,2,2
101,803,2,A,4,2,3
101,798,2,A,4,3,1
101,791,2,A,4,3,2
101,793,2,A,4,3,3
101,792,2,A,4,4,1
101,819,2,A,4,4,2
101,818,2,A,4,4,3
101,804,2,A,4,5,1
101,805,2,A,4,5,2
101,823,2,A,4,5,3
101,795,2,A,4,6,1
101,827,2,A,4,6,2
101,826,2,A,4,6,3
101,822,2,A,4,7,1
101,806,2,A,4,7,2
101,808,2,A,4,7,3
101,807,2,A,4,8,1
101,810,2,A,4,8,2
101,809,2,A,4,8,3
101,820,2,A,4,9,1
101,814,2,B,7,1,1
101,796,2,B,7,1,2
101,815,2,B,7,1,3
101,813,2,B,7,2,1
101,777,3,A,1,1,1
101,779,3,A,1,1,2
101,778,3,A,1,1,3
101,780,3,A,1,2,1
101,782,3,A,1,2,2
101,781,3,A,1,2,3
101,783,3,A,1,3,1
101,784,3,A,1,3,2
101,785,3,A,1,3,3
101,1005,3,A,1,4,1
101,1007,3,A,1,4,2
101,1008,3,A,1,4,3
101,1004,3,A,1,5,1
101,1006,3,A,1,5,2
101,1012,3,A,1,5,3
101,1013,3,A,1,6,1
101,1011,3,A,1,6,2
101,1009,3,A,1,6,3
101,1010,3,A,1,7,1
101,585,3,A,3,1,1
101,568,3,A,3,1,2
101,567,3,A,3,1,3
101,559,3,A,3,1,4
101,562,3,A,3,1,5
101,582,3,A,3,1,6
101,564,3,A,3,2,1
101,580,3,A,3,2,2
101,587,3,A,3,2,3
101,586,3,A,3,2,4
101,558,3,A,3,2,5
101,572,3,A,3,2,6
101,573,3,A,3,3,1
101,574,3,A,3,3,2
101,583,3,A,3,3,3
101,577,3,A,3,3,4
101,570,3,A,3,3,5
101,584,3,A,3,3,6
101,561,3,A,3,4,1
101,575,3,A,3,4,2
101,576,3,A,3,4,3
101,560,3,A,3,4,4
101,578,3,A,3,4,5
101,588,3,A,3,4,6
101,563,3,A,3,5,1
101,579,3,A,3,5,2
101,566,3,A,3,5,3
101,565,3,A,3,5,4
101,571,3,A,3,5,5
101,569,3,A,3,5,6
101,581,3,A,3,6,1
101,545,3,A,3,6,2
101,544,3,A,3,6,3
101,543,3,A,3,6,4
101,554,3,A,3,6,5
101,557,3,A,3,6,6
101,546,3,A,3,7,1
101,547,3,A,3,7,2
101,553,3,A,3,7,3
101,542,3,A,3,7,4
101,556,3,A,3,7,5
101,550,3,A,3,7,6
101,551,3,A,3,8,1
101,549,3,A,3,8,2
101,552,3,A,3,8,3
101,555,3,A,3,8,4
101,548,3,A,3,8,5
101,541,3,A,3,8,6
101,539,3,A,3,9,1
101,540,3,A,3,9,2
101,1130,3,A,3,9,3
101,1099,3,A,3,9,4
101,1089,3,A,3,9,5
101,1120,3,A,3,9,6
101,1112,3,A,4,1,1
101,1094,3,A,4,1,2
101,1116,3,A,4,1,3
101,1090,3,A,4,1,4
101,1109,3,A,4,1,5
101,1101,3,A,4,1,6
101,1126,3,A,4,2,1
101,1115,3,A,4,2,2
101,1086,3,A,4,2,3
101,1080,3,A,4,2,4
101,1087,3,A,4,2,5
101,1081,3,A,4,2,6
101,1076,3,A,4,3,1
101,1134,3,A,4,3,2
101,1082,3,A,4,3,3
101,1078,3,A,4,3,4
101,1077,3,A,4,3,5
101,1085,3,A,4,3,6
101,1079,3,A,4,4,1
101,1083,3,A,4,4,2
101,1133,3,A,4,4,3
101,1114,3,A,4,4,4
101,1084,3,A,4,4,5
101,1110,3,A,4,4,6
101,1125,3,A,4,5,1
101,1118,3,A,4,5,2
101,1107,3,A,4,5,3
101,1096,3,A,4,5,4
101,1129,3,A,4,5,5
101,1098,3,A,4,5,6
101,1108,3,A,4,6,1
101,1100,3,A,4,6,2
101,1105,3,A,4,6,3
101,1091,3,A,4,6,4
101,1106,3,A,4,6,5
101,1103,3,A,4,6,6
101,1124,3,A,4,7,1
101,1102,3,A,4,7,2
101,1097,3,A,4,7,3
101,1122,3,A,4,7,4
101,1127,3,A,4,7,5
101,1123,3,A,4,7,6
101,1093,3,A,4,8,1
101,1117,3,A,4,8,2
101,1113,3,A,4,8,3
101,1131,3,A,4,8,4
101,1128,3,A,4,8,5
101,1014,3,A,4,8,6
101,1121,3,A,4,9,1
101,1119,3,A,4,9,2
101,1088,3,A,4,9,3
101,1095,3,A,4,9,4
101,1104,3,A,4,9,5
101,1092,3,A,4,9,6
101,1132,3,B,5,1,1
101,1111,3,B,5,1,2
101,771,3,B,6,1,1
101,775,3,B,6,1,2
101,776,3,B,6,1,3
101,770,3,B,6,2,1
101,769,3,B,6,2,2
101,773,3,B,6,2,3
101,774,3,B,6,3,1
101,772,3,B,6,3,2
101,739,3,B,6,3,3
101,740,3,B,6,4,1
101,742,3,B,6,4,2
101,743,3,B,6,4,3
101,744,3,B,6,5,1
101,745,3,B,6,5,2
101,741,3,B,6,5,3
101,738,3,B,6,6,1
101,747,3,B,6,6,2
101,746,3,B,6,6,3
101,1048,3,B,6,7,1
101,1044,3,B,6,7,2
101,1046,3,B,6,7,3
101,1047,3,B,6,8,1
101,1045,3,B,6,8,2
101,1043,3,B,6,8,3
101,1049,3,B,6,9,1
101,750,3,B,7,1,1
101,751,3,B,7,1,2
101,752,3,B,7,1,3
101,765,3,B,7,2,1
101,764,3,B,7,2,2
101,748,3,B,7,2,3
101,749,3,B,7,3,1
101,1036,3,B,7,3,2
101,1037,3,B,7,3,3
101,1040,3,B,7,4,1
101,1039,3,B,7,4,2
101,1038,3,B,7,4,3
101,755,3,B,7,5,1
101,754,3,B,7,5,2
101,757,3,B,7,5,3
101,758,3,B,7,6,1
101,756,3,B,7,6,2
101,753,3,B,7,6,3
101,1034,3,B,7,7,1
101,1033,3,B,7,7,2
101,1031,3,B,7,7,3
101,1032,3,B,7,8,1
101,1027,3,B,7,8,2
101,1030,3,B,7,8,3
101,1028,3,B,7,9,1
101,1029,3,B,7,9,2
101,766,3,B,7,9,3
101,767,3,B,8,1,1
101,768,3,B,8,1,2
101,1041,3,B,8,1,3
101,1042,3,B,8,2,1
101,763,3,B,8,2,2
101,762,3,B,8,2,3
101,760,3,B,8,3,1
101,761,3,B,8,3,2
101,1024,3,B,8,3,3
101,1026,3,B,8,4,1
101,1023,3,B,8,4,2
101,1025,3,B,8,4,3
101,1022,3,B,8,5,1
101,1035,3,B,8,5,2
101,759,3,B,8,5,3
101,1021,3,B,8,6,1
101,1019,3,B,8,6,2
101,1020,3,B,8,6,3
101,786,3,B,8,7,1
101,787,3,B,8,7,2
101,988,3,B,8,7,3
101,989,3,B,8,8,1
101,727,4,A,1,1,1
101,728,4,A,1,1,2
101,725,4,A,1,1,3
101,718,4,A,1,2,1
101,735,4,A,1,2,2
101,732,4,A,1,2,3
101,726,4,A,1,3,1
101,717,4,A,1,3,2
101,716,4,A,1,3,3
101,720,4,A,1,4,1
101,719,4,A,1,4,2
101,737,4,A,1,4,3
101,723,4,A,1,5,1
101,724,4,A,1,5,2
101,721,4,A,1,5,3
101,722,4,A,1,6,1
101,733,4,A,1,6,2
101,734,4,A,1,6,3
101,730,4,A,1,7,1
101,729,4,A,1,7,2
101,731,4,A,1,7,3
101,736,4,A,1,8,1
101,1058,4,A,1,8,2
101,1050,4,A,1,8,3
101,1060,4,A,1,9,1
101,1059,4,A,1,9,2
101,1055,4,A,1,9,3
101,1063,4,A,2,1,1
101,1062,4,A,2,1,2
101,1061,4,A,2,1,3
101,1064,4,A,2,2,1
101,1051,4,A,2,2,2
101,1052,4,A,2,2,3
101,1053,4,A,2,3,1
101,1054,4,A,2,3,2
101,1056,4,A,2,3,3
101,1057,4,A,2,4,1
101,1017,4,A,3,1,1
101,1018,4,A,3,1,2
101,1016,4,A,3,1,3
101,1015,4,A,3,2,1
101,1068,4,A,4,1,1
101,1066,4,A,4,1,2
101,1071,4,A,4,1,3
101,1069,4,A,4,2,1
101,1072,4,A,4,2,2
101,1073,4,A,4,2,3
101,1070,4,A,4,3,1
101,1075,4,A,4,3,2
101,1074,4,A,4,3,3
101,1065,4,A,4,4,1
101,937,4,B,5,1,1
101,613,5,A,1,1,1
101,611,5,A,1,1,2
101,612,5,A,1,1,3
101,607,5,A,1,2,1
101,608,5,A,1,2,2
101,614,5,A,1,2,3
101,615,5,A,1,3,1
101,610,5,A,1,3,2
101,609,5,A,1,3,3
101,590,5,A,1,4,1
101,592,5,A,1,4,2
101,591,5,A,1,4,3
101,594,5,A,1,5,1
101,595,5,A,1,5,2
101,589,5,A,1,5,3
101,596,5,A,1,6,1
101,597,5,A,1,6,2
101,599,5,A,1,6,3
101,598,5,A,1,7,1
101,593,5,A,1,7,2
101,700,5,A,1,7,3
101,602,5,A,3,1,1
101,600,5,A,3,1,2
101,601,5,A,3,1,3
101,603,5,A,3,2,1
101,606,5,A,3,2,2
101,605,5,A,3,2,3
101,604,5,A,3,3,1
101,1003,5,A,3,3,2
101,618,5,B,5,1,1
101,616,5,B,5,1,2
101,617,5,B,5,1,3
101,537,5,B,5,2,1
101,538,5,B,5,2,2
101,999,5,B,5,2,3
101,1001,5,B,5,3,1
101,1000,5,B,5,3,2
101,1002,5,B,5,3,3
101,703,5,B,7,1,1
101,704,5,B,7,1,2
101,702,5,B,7,1,3
101,707,5,B,7,2,1
101,706,5,B,7,2,2
101,705,5,B,7,2,3
101,701,5,B,7,3,1
101,710,5,B,7,3,2
101,712,5,B,7,3,3
101,709,5,B,7,4,1
101,714,5,B,7,4,2
101,713,5,B,7,4,3
101,708,5,B,7,5,1
101,711,5,B,7,5,2
101,715,5,B,7,5,3
101,998,5,B,7,6,1
101,996,5,B,7,6,2
101,997,5,B,7,6,3
101,991,5,B,7,7,1
101,990,5,B,7,7,2
101,992,5,B,7,7,3
101,993,5,B,7,8,1
101,994,5,B,7,8,2
101,995,5,B,7,8,3
101,527,6,A,1,1,1
101,528,6,A,1,1,2
101,525,6,A,1,1,3
101,523,6,A,1,2,1
101,524,6,A,1,2,2
101,526,6,A,1,2,3
101,920,6,A,1,3,1
101,507,6,A,1,3,2
101,505,6,A,1,3,3
101,504,6,A,1,4,1
101,506,6,A,1,4,2
101,503,6,A,1,4,3
101,936,6,A,1,5,1
101,945,6,A,1,5,2
101,934,6,A,1,5,3
101,935,6,A,1,6,1
101,924,6,A,1,6,2
101,925,6,A,1,6,3
101,928,6,A,1,7,1
101,927,6,A,1,7,2
101,929,6,A,1,7,3
101,926,6,A,1,8,1
101,923,6,A,1,8,2
101,921,6,A,1,8,3
101,922,6,A,1,9,1
101,530,6,A,1,9,2
101,531,6,A,1,9,3
101,529,6,A,2,1,1
101,960,6,A,2,1,2
101,961,6,A,2,1,3
101,532,6,A,2,2,1
101,959,6,A,2,2,2
101,510,6,A,3,1,3
101,512,6,A,3,2,1
101,514,6,A,3,2,2
101,511,6,A,3,2,3
101,513,6,A,3,3,1
101,508,6,A,3,3,2
101,509,6,A,3,3,3
101,522,6,A,3,4,1
101,517,6,A,3,4,2
101,518,6,A,3,4,3
101,516,6,A,3,5,1
101,519,6,A,3,5,2
101,521,6,A,3,5,3
101,520,6,A,3,6,1
101,515,6,A,3,6,2
101,535,6,A,3,6,3
101,536,6,A,3,7,1
101,534,6,A,3,7,2
101,533,6,A,3,7,3
101,915,6,A,3,8,1
101,914,6,A,3,8,2
101,913,6,A,3,8,3
101,912,6,A,3,9,1
101,911,6,A,3,9,2
101,949,6,A,3,9,3
101,906,6,A,4,1,1
101,917,6,A,4,1,2
101,918,6,A,4,1,3
101,916,6,A,4,2,1
101,947,6,A,4,2,2
101,910,6,A,4,2,3
101,905,6,A,4,3,1
101,908,6,A,4,3,2
101,919,6,A,4,3,3
101,907,6,A,4,4,1
101,948,6,A,4,4,2
101,909,6,A,4,4,3
101,668,6,B,6,1,1
101,670,6,B,6,1,2
101,669,6,B,6,1,3
101,674,6,B,6,2,1
101,671,6,B,6,2,2
101,676,6,B,6,2,3
101,675,6,B,6,3,1
101,672,6,B,6,3,2
101,673,6,B,6,3,3
101,665,6,B,6,4,1
101,666,6,B,6,4,2
101,663,6,B,6,4,3
101,664,6,B,6,5,1
101,662,6,B,6,5,2
101,660,6,B,6,5,3
101,667,6,B,6,6,1
101,661,6,B,6,6,2
101,932,6,B,6,6,3
101,933,6,B,6,7,1
101,931,6,B,6,7,2
101,930,6,B,6,7,3
101,938,6,B,6,8,1
101,939,6,B,6,8,2
101,950,6,B,6,8,3
101,659,6,B,6,9,1
101,658,6,B,6,9,2
101,657,6,B,6,9,3
101,940,6,B,8,1,1
101,941,6,B,8,1,2
101,942,6,B,8,1,3
101,698,7,A,1,1,2
101,699,7,A,1,1,3
101,688,7,A,1,2,1
101,695,7,A,1,2,2
101,696,7,A,1,2,3
101,697,7,A,1,3,1
101,685,7,A,1,3,2
101,679,7,A,1,3,3
101,680,7,A,1,4,1
101,687,7,A,1,4,2
101,683,7,A,1,4,3
101,684,7,A,1,5,1
101,677,7,A,1,5,2
101,678,7,A,1,5,3
101,692,7,A,1,6,1
101,693,7,A,1,6,2
101,681,7,A,1,6,3
101,682,7,A,1,7,1
101,686,7,A,1,7,2
101,694,7,A,1,7,3
101,690,7,A,1,8,1
101,691,7,A,1,8,2
101,689,7,A,1,8,3
101,970,7,A,1,9,1
101,969,7,A,1,9,2
101,968,7,A,1,9,3
101,646,7,A,3,1,1
101,652,7,A,3,1,2
101,648,7,A,3,1,3
101,650,7,A,3,2,1
101,645,7,A,3,2,2
101,649,7,A,3,2,3
101,644,7,A,3,3,1
101,651,7,A,3,3,2
101,647,7,A,3,3,3
101,655,7,A,3,4,1
101,653,7,A,3,4,2
101,654,7,A,3,4,3
101,656,7,A,3,5,1
101,957,7,A,3,5,2
101,956,7,A,3,5,3
101,958,7,A,3,6,1
101,955,7,A,3,6,2
101,982,7,B,5,1,1
101,983,7,B,5,1,2
101,953,7,B,5,1,3
101,977,7,B,5,2,1
101,976,7,B,5,2,2
101,981,7,B,5,2,3
101,984,7,B,5,3,1
101,979,7,B,5,3,2
101,952,7,B,5,3,3
101,951,7,B,5,4,1
101,944,7,B,5,4,2
101,943,7,B,5,4,3
101,971,7,B,5,5,1
101,972,7,B,5,5,2
101,973,7,B,5,5,3
101,974,7,B,5,6,1
101,975,7,B,5,6,2
101,980,7,B,5,6,3
101,946,7,B,5,7,1
101,954,7,B,5,7,2
101,978,7,B,5,7,3
101,987,7,B,5,8,1
101,985,7,B,5,8,2
101,986,7,B,5,8,3
101,631,7,B,7,1,1
101,632,7,B,7,1,2
101,967,7,B,7,1,3
101,643,7,B,7,2,1
101,642,7,B,7,2,2
101,962,7,B,7,2,3
101,966,7,B,7,3,1
101,963,7,B,7,3,2
101,964,7,B,7,3,3
101,965,7,B,7,4,1
101,629,8,A,1,1,1
101,627,8,A,1,1,2
101,628,8,A,1,1,3
101,630,8,A,1,2,1
101,622,8,A,1,2,2
101,626,8,A,1,2,3
101,624,8,A,1,3,1
101,623,8,A,1,3,2
101,625,8,A,1,3,3
101,637,8,A,3,1,1
101,636,8,A,3,1,2
101,635,8,A,3,1,3
101,638,8,A,3,2,1
101,634,8,A,3,2,2
101,639,8,A,7,1,1
101,633,8,A,7,1,2
101,904,8,A,7,1,3
101,900,8,A,7,2,1
101,641,8,A,7,2,2
101,898,8,A,7,2,3
101,640,8,A,7,3,1
101,899,8,A,7,3,2
101,901,8,A,7,3,3
101,903,8,A,7,4,1
101,902,8,A,7,4,2
202,866,1,A,1,1,1
202,867,1,A,1,1,2
202,865,1,A,1,1,3
202,864,1,A,1,2,1
202,878,1,A,1,2,2
202,876,1,A,1,2,3
202,877,1,A,1,3,1
202,868,1,A,1,3,2
202,869,1,A,1,3,3
202,862,1,A,1,4,1
202,863,1,A,1,4,2
202,860,1,A,1,4,3
202,861,1,A,1,5,1
202,856,1,A,1,5,2
202,857,1,A,1,5,3
202,858,1,A,1,6,1
202,859,1,A,1,6,2
202,832,1,A,3,4,1
202,833,1,A,3,4,2
202,834,1,A,3,4,3
202,835,1,A,3,5,1
202,828,1,A,3,5,2
202,829,1,A,3,5,3
202,830,1,A,3,6,1
202,831,1,A,3,6,2
202,842,1,A,3,6,3
202,843,1,A,3,7,1
202,854,1,A,3,7,2
202,855,1,A,3,7,3
202,852,1,A,3,8,1
202,853,1,A,3,8,2
202,836,1,A,3,8,3
202,837,1,A,3,9,1
202,870,1,A,3,9,2
202,871,1,A,3,9,3
202,838,1,A,4,1,1
202,839,1,A,4,1,2
202,872,1,A,4,1,3
202,873,1,A,4,2,1
202,874,1,A,4,2,2
202,875,1,A,4,2,3
202,840,1,A,4,3,1
202,841,1,A,4,3,2
202,848,1,A,4,3,3
202,849,1,A,4,4,1
202,850,1,A,4,4,2
202,851,1,A,4,4,3
202,844,1,A,4,5,1
202,845,1,A,4,5,2
202,846,1,A,4,5,3
202,847,1,A,4,6,1
202,880,1,B,7,1,1
202,890,1,B,7,1,2
202,883,1,B,7,1,3
202,884,1,B,7,2,1
202,879,1,B,7,2,2
202,881,1,B,7,2,3
202,882,1,B,7,3,1
202,891,1,B,7,3,2
202,889,1,B,7,3,3
202,887,1,B,7,4,1
202,888,1,B,7,4,2
202,892,1,B,7,4,3
202,893,1,B,7,5,1
202,894,1,B,7,5,2
202,895,1,B,7,5,3
202,896,1,B,7,6,1
202,897,1,B,7,6,2
202,885,1,B,7,6,3
202,886,1,B,7,7,1
202,788,2,A,1,1,1
202,790,2,A,1,1,2
202,789,2,A,1,1,3
202,802,2,A,1,2,1
202,801,2,A,1,2,2
202,800,2,A,1,2,3
202,821,2,A,1,3,1
202,825,2,A,1,3,2
202,816,2,A,1,3,3
202,824,2,A,1,4,1
202,799,2,A,1,4,2
202,797,2,A,4,1,1
202,817,2,A,4,1,2
202,812,2,A,4,1,3
202,811,2,A,4,2,1
202,794,2,A,4,2,2
202,803,2,A,4,2,3
202,798,2,A,4,3,1
202,791,2,A,4,3,2
202,793,2,A,4,3,3
202,792,2,A,4,4,1
202,819,2,A,4,4,2
202,818,2,A,4,4,3
202,804,2,A,4,5,1
202,805,2,A,4,5,2
202,823,2,A,4,5,3
202,795,2,A,4,6,1
202,827,2,A,4,6,2
202,826,2,A,4,6,3
202,822,2,A,4,7,1
202,806,2,A,4,7,2
202,808,2,A,4,7,3
202,807,2,A,4,8,1
202,810,2,A,4,8,2
202,809,2,A,4,8,3
202,820,2,A,4,9,1
202,814,2,B,7,1,1
202,796,2,B,7,1,2
202,815,2,B,7,1,3
202,813,2,B,7,2,1
202,777,3,A,1,1,1
202,779,3,A,1,1,2
202,778,3,A,1,1,3
202,780,3,A,1,2,1
202,782,3,A,1,2,2
202,781,3,A,1,2,3
202,783,3,A,1,3,1
202,784,3,A,1,3,2
202,785,3,A,1,3,3
202,1005,3,A,1,4,1
202,1007,3,A,1,4,2
202,1008,3,A,1,4,3
202,1004,3,A,1,5,1
202,1006,3,A,1,5,2
202,1012,3,A,1,5,3
202,1013,3,A,1,6,1
202,1011,3,A,1,6,2
202,1009,3,A,1,6,3
202,1010,3,A,1,7,1
202,585,3,A,3,1,1
202,568,3,A,3,1,2
202,567,3,A,3,1,3
202,559,3,A,3,1,4
202,562,3,A,3,1,5
202,582,3,A,3,1,6
202,564,3,A,3,2,1
202,580,3,A,3,2,2
202,587,3,A,3,2,3
202,586,3,A,3,2,4
202,558,3,A,3,2,5
202,572,3,A,3,2,6
202,573,3,A,3,3,1
202,574,3,A,3,3,2
202,583,3,A,3,3,3
202,577,3,A,3,3,4
202,570,3,A,3,3,5
202,584,3,A,3,3,6
202,561,3,A,3,4,1
202,575,3,A,3,4,2
202,576,3,A,3,4,3
202,560,3,A,3,4,4
202,578,3,A,3,4,5
202,588,3,A,3,4,6
202,563,3,A,3,5,1
202,579,3,A,3,5,2
202,566,3,A,3,5,3
202,565,3,A,3,5,4
202,571,3,A,3,5,5
202,569,3,A,3,5,6
202,581,3,A,3,6,1
202,545,3,A,3,6,2
202,544,3,A,3,6,3
202,543,3,A,3,6,4
202,554,3,A,3,6,5
202,557,3,A,3,6,6
202,546,3,A,3,7,1
202,547,3,A,3,7,2
202,553,3,A,3,7,3
202,542,3,A,3,7,4
202,556,3,A,3,7,5
202,550,3,A,3,7,6
202,551,3,A,3,8,1
202,549,3,A,3,8,2
202,552,3,A,3,8,3
202,555,3,A,3,8,4
202,548,3,A,3,8,5
202,541,3,A,3,8,6
202,539,3,A,3,9,1
202,540,3,A,3,9,2
202,1130,3,A,3,9,3
202,1099,3,A,3,9,4
202,1089,3,A,3,9,5
202,1120,3,A,3,9,6
202,1112,3,A,4,1,1
202,1094,3,A,4,1,2
202,1116,3,A,4,1,3
202,1090,3,A,4,1,4
202,1109,3,A,4,1,5
202,1101,3,A,4,1,6
202,1126,3,A,4,2,1
202,1115,3,A,4,2,2
202,1086,3,A,4,2,3
202,1080,3,A,4,2,4
202,1087,3,A,4,2,5
202,1081,3,A,4,2,6
202,1076,3,A,4,3,1
202,1134,3,A,4,3,2
202,1082,3,A,4,3,3
202,1078,3,A,4,3,4
202,1077,3,A,4,3,5
202,1085,3,A,4,3,6
202,1079,3,A,4,4,1
202,1083,3,A,4,4,2
202,1133,3,A,4,4,3
202,1114,3,A,4,4,4
202,1084,3,A,4,4,5
202,1110,3,A,4,4,6
202,1125,3,A,4,5,1
202,1118,3,A,4,5,2
202,1107,3,A,4,5,3
202,1096,3,A,4,5,4
202,1129,3,A,4,5,5
202,1098,3,A,4,5,6
202,1108,3,A,4,6,1
202,1100,3,A,4,6,2
202,1105,3,A,4,6,3
202,1091,3,A,4,6,4
202,1106,3,A,4,6,5
202,1103,3,A,4,6,6
202,1124,3,A,4,7,1
202,1102,3,A,4,7,2
202,1097,3,A,4,7,3
202,1122,3,A,4,7,4
202,1127,3,A,4,7,5
202,1123,3,A,4,7,6
202,1093,3,A,4,8,1
202,1117,3,A,4,8,2
202,1113,3,A,4,8,3
202,1131,3,A,4,8,4
202,1128,3,A,4,8,5
202,1014,3,A,4,8,6
202,1121,3,A,4,9,1
202,1119,3,A,4,9,2
202,1088,3,A,4,9,3
202,1095,3,A,4,9,4
202,1104,3,A,4,9,5
202,1092,3,A,4,9,6
202,1132,3,B,5,1,1
202,1111,3,B,5,1,2
202,771,3,B,6,1,1
202,775,3,B,6,1,2
202,776,3,B,6,1,3
202,770,3,B,6,2,1
202,769,3,B,6,2,2
202,773,3,B,6,2,3
202,774,3,B,6,3,1
202,772,3,B,6,3,2
202,739,3,B,6,3,3
202,740,3,B,6,4,1
202,742,3,B,6,4,2
202,743,3,B,6,4,3
202,744,3,B,6,5,1
202,745,3,B,6,5,2
202,741,3,B,6,5,3
202,738,3,B,6,6,1
202,747,3,B,6,6,2
202,746,3,B,6,6,3
202,1048,3,B,6,7,1
202,1044,3,B,6,7,2
202,1046,3,B,6,7,3
202,1047,3,B,6,8,1
202,1045,3,B,6,8,2
202,1043,3,B,6,8,3
202,1049,3,B,6,9,1
202,750,3,B,7,1,1
202,751,3,B,7,1,2
202,752,3,B,7,1,3
202,765,3,B,7,2,1
202,764,3,B,7,2,2
202,748,3,B,7,2,3
202,749,3,B,7,3,1
202,1036,3,B,7,3,2
202,1037,3,B,7,3,3
202,1040,3,B,7,4,1
202,1039,3,B,7,4,2
202,1038,3,B,7,4,3
202,755,3,B,7,5,1
202,754,3,B,7,5,2
202,757,3,B,7,5,3
202,758,3,B,7,6,1
202,756,3,B,7,6,2
202,753,3,B,7,6,3
202,1034,3,B,7,7,1
202,1033,3,B,7,7,2
202,1031,3,B,7,7,3
202,1032,3,B,7,8,1
202,1027,3,B,7,8,2
202,1030,3,B,7,8,3
202,1028,3,B,7,9,1
202,1029,3,B,7,9,2
202,766,3,B,7,9,3
202,767,3,B,8,1,1
202,768,3,B,8,1,2
202,1041,3,B,8,1,3
202,1042,3,B,8,2,1
202,763,3,B,8,2,2
202,762,3,B,8,2,3
202,760,3,B,8,3,1
202,761,3,B,8,3,2
202,1024,3,B,8,3,3
202,1026,3,B,8,4,1
202,1023,3,B,8,4,2
202,1025,3,B,8,4,3
202,1022,3,B,8,5,1
202,1035,3,B,8,5,2
202,759,3,B,8,5,3
202,1021,3,B,8,6,1
202,1019,3,B,8,6,2
202,1020,3,B,8,6,3
202,786,3,B,8,7,1
202,787,3,B,8,7,2
202,988,3,B,8,7,3
202,989,3,B,8,8,1
202,727,4,A,1,1,1
202,728,4,A,1,1,2
202,725,4,A,1,1,3
202,718,4,A,1,2,1
202,735,4,A,1,2,2
202,732,4,A,1,2,3
202,726,4,A,1,3,1
202,717,4,A,1,3,2
202,716,4,A,1,3,3
202,720,4,A,1,4,1
202,719,4,A,1,4,2
202,737,4,A,1,4,3
202,723,4,A,1,5,1
202,724,4,A,1,5,2
202,721,4,A,1,5,3
202,722,4,A,1,6,1
202,733,4,A,1,6,2
202,734,4,A,1,6,3
202,730,4,A,1,7,1
202,729,4,A,1,7,2
202,731,4,A,1,7,3
202,736,4,A,1,8,1
202,1058,4,A,1,8,2
202,1050,4,A,1,8,3
202,1060,4,A,1,9,1
202,1059,4,A,1,9,2
202,1055,4,A,1,9,3
202,1063,4,A,2,1,1
202,1062,4,A,2,1,2
202,1061,4,A,2,1,3
202,1064,4,A,2,2,1
202,1051,4,A,2,2,2
202,1052,4,A,2,2,3
202,1053,4,A,2,3,1
202,1054,4,A,2,3,2
202,1056,4,A,2,3,3
202,1057,4,A,2,4,1
202,1017,4,A,3,1,1
202,1018,4,A,3,1,2
202,1016,4,A,3,1,3
202,1015,4,A,3,2,1
202,1068,4,A,4,1,1
202,1066,4,A,4,1,2
202,1071,4,A,4,1,3
202,1069,4,A,4,2,1
202,1072,4,A,4,2,2
202,1073,4,A,4,2,3
202,1070,4,A,4,3,1
202,1075,4,A,4,3,2
202,1074,4,A,4,3,3
202,1065,4,A,4,4,1
202,937,4,B,5,1,1
202,613,5,A,1,1,1
202,611,5,A,1,1,2
202,612,5,A,1,1,3
202,607,5,A,1,2,1
202,608,5,A,1,2,2
202,614,5,A,1,2,3
202,615,5,A,1,3,1
202,610,5,A,1,3,2
202,609,5,A,1,3,3
202,590,5,A,1,4,1
202,592,5,A,1,4,2
202,591,5,A,1,4,3
202,594,5,A,1,5,1
202,595,5,A,1,5,2
202,589,5,A,1,5,3
202,596,5,A,1,6,1
202,597,5,A,1,6,2
202,599,5,A,1,6,3
202,598,5,A,1,7,1
202,593,5,A,1,7,2
202,700,5,A,1,7,3
202,602,5,A,3,1,1
202,600,5,A,3,1,2
202,601,5,A,3,1,3
202,603,5,A,3,2,1
202,606,5,A,3,2,2
202,605,5,A,3,2,3
202,604,5,A,3,3,1
202,1003,5,A,3,3,2
202,618,5,B,5,1,1
202,616,5,B,5,1,2
202,617,5,B,5,1,3
202,537,5,B,5,2,1
202,538,5,B,5,2,2
202,999,5,B,5,2,3
202,1001,5,B,5,3,1
202,1000,5,B,5,3,2
202,1002,5,B,5,3,3
202,703,5,B,7,1,1
202,704,5,B,7,1,2
202,702,5,B,7,1,3
202,707,5,B,7,2,1
202,706,5,B,7,2,2
202,705,5,B,7,2,3
202,701,5,B,7,3,1
202,710,5,B,7,3,2
202,712,5,B,7,3,3
202,709,5,B,7,4,1
202,714,5,B,7,4,2
202,713,5,B,7,4,3
202,708,5,B,7,5,1
202,711,5,B,7,5,2
202,715,5,B,7,5,3
202,998,5,B,7,6,1
202,996,5,B,7,6,2
202,997,5,B,7,6,3
202,991,5,B,7,7,1
202,990,5,B,7,7,2
202,992,5,B,7,7,3
202,993,5,B,7,8,1
202,994,5,B,7,8,2
202,995,5,B,7,8,3
202,527,6,A,1,1,1
202,528,6,A,1,1,2
202,525,6,A,1,1,3
202,523,6,A,1,2,1
202,524,6,A,1,2,2
202,526,6,A,1,2,3
202,920,6,A,1,3,1
202,507,6,A,1,3,2
202,505,6,A,1,3,3
202,504,6,A,1,4,1
202,506,6,A,1,4,2
202,503,6,A,1,4,3
202,936,6,A,1,5,1
202,945,6,A,1,5,2
202,934,6,A,1,5,3
202,935,6,A,1,6,1
202,924,6,A,1,6,2
202,925,6,A,1,6,3
202,928,6,A,1,7,1
202,927,6,A,1,7,2
202,929,6,A,1,7,3
202,926,6,A,1,8,1
202,923,6,A,1,8,2
202,921,6,A,1,8,3
202,922,6,A,1,9,1
202,530,6,A,1,9,2
202,531,6,A,1,9,3
202,529,6,A,2,1,1
202,960,6,A,2,1,2
202,961,6,A,2,1,3
202,532,6,A,2,2,1
202,959,6,A,2,2,2
202,510,6,A,3,1,3
202,512,6,A,3,2,1
202,514,6,A,3,2,2
202,511,6,A,3,2,3
202,513,6,A,3,3,1
202,508,6,A,3,3,2
202,509,6,A,3,3,3
202,522,6,A,3,4,1
202,517,6,A,3,4,2
202,518,6,A,3,4,3
202,516,6,A,3,5,1
202,519,6,A,3,5,2
202,521,6,A,3,5,3
202,520,6,A,3,6,1
202,515,6,A,3,6,2
202,535,6,A,3,6,3
202,536,6,A,3,7,1
202,534,6,A,3,7,2
202,533,6,A,3,7,3
202,915,6,A,3,8,1
202,914,6,A,3,8,2
202,913,6,A,3,8,3
202,912,6,A,3,9,1
202,911,6,A,3,9,2
202,949,6,A,3,9,3
202,906,6,A,4,1,1
202,917,6,A,4,1,2
202,918,6,A,4,1,3
202,916,6,A,4,2,1
202,947,6,A,4,2,2
202,910,6,A,4,2,3
202,905,6,A,4,3,1
202,908,6,A,4,3,2
202,919,6,A,4,3,3
202,907,6,A,4,4,1
202,948,6,A,4,4,2
202,909,6,A,4,4,3
202,668,6,B,6,1,1
202,670,6,B,6,1,2
202,669,6,B,6,1,3
202,674,6,B,6,2,1
202,671,6,B,6,2,2
202,676,6,B,6,2,3
202,675,6,B,6,3,1
202,672,6,B,6,3,2
202,673,6,B,6,3,3
202,665,6,B,6,4,1
202,666,6,B,6,4,2
202,663,6,B,6,4,3
202,664,6,B,6,5,1
202,662,6,B,6,5,2
202,660,6,B,6,5,3
202,667,6,B,6,6,1
202,661,6,B,6,6,2
202,932,6,B,6,6,3
202,933,6,B,6,7,1
202,931,6,B,6,7,2
202,930,6,B,6,7,3
202,938,6,B,6,8,1
202,939,6,B,6,8,2
202,950,6,B,6,8,3
202,659,6,B,6,9,1
202,658,6,B,6,9,2
202,657,6,B,6,9,3
202,940,6,B,8,1,1
202,941,6,B,8,1,2
202,942,6,B,8,1,3
202,698,7,A,1,1,2
202,699,7,A,1,1,3
202,688,7,A,1,2,1
202,695,7,A,1,2,2
202,696,7,A,1,2,3
202,697,7,A,1,3,1
202,685,7,A,1,3,2
202,679,7,A,1,3,3
202,680,7,A,1,4,1
202,687,7,A,1,4,2
202,683,7,A,1,4,3
202,684,7,A,1,5,1
202,677,7,A,1,5,2
202,678,7,A,1,5,3
202,692,7,A,1,6,1
202,693,7,A,1,6,2
202,681,7,A,1,6,3
202,682,7,A,1,7,1
202,686,7,A,1,7,2
202,694,7,A,1,7,3
202,690,7,A,1,8,1
202,691,7,A,1,8,2
202,689,7,A,1,8,3
202,970,7,A,1,9,1
202,969,7,A,1,9,2
202,968,7,A,1,9,3
202,646,7,A,3,1,1
202,652,7,A,3,1,2
202,648,7,A,3,1,3
202,650,7,A,3,2,1
202,645,7,A,3,2,2
202,649,7,A,3,2,3
202,644,7,A,3,3,1
202,651,7,A,3,3,2
202,647,7,A,3,3,3
202,655,7,A,3,4,1
202,653,7,A,3,4,2
202,654,7,A,3,4,3
202,656,7,A,3,5,1
202,957,7,A,3,5,2
202,956,7,A,3,5,3
202,958,7,A,3,6,1
202,955,7,A,3,6,2
202,982,7,B,5,1,1
202,983,7,B,5,1,2
202,953,7,B,5,1,3
202,977,7,B,5,2,1
202,976,7,B,5,2,2
202,981,7,B,5,2,3
202,984,7,B,5,3,1
202,979,7,B,5,3,2
202,952,7,B,5,3,3
202,951,7,B,5,4,1
202,944,7,B,5,4,2
202,943,7,B,5,4,3
202,971,7,B,5,5,1
202,972,7,B,5,5,2
202,973,7,B,5,5,3
202,974,7,B,5,6,1
202,975,7,B,5,6,2
202,980,7,B,5,6,3
202,946,7,B,5,7,1
202,954,7,B,5,7,2
202,978,7,B,5,7,3
202,987,7,B,5,8,1
202,985,7,B,5,8,2
202,986,7,B,5,8,3
202,631,7,B,7,1,1
202,632,7,B,7,1,2
202,967,7,B,7,1,3
202,643,7,B,7,2,1
202,642,7,B,7,2,2
202,962,7,B,7,2,3
202,966,7,B,7,3,1
202,963,7,B,7,3,2
202,964,7,B,7,3,3
202,965,7,B,7,4,1
202,629,8,A,1,1,1
202,627,8,A,1,1,2
202,628,8,A,1,1,3
202,630,8,A,1,2,1
202,622,8,A,1,2,2
202,626,8,A,1,2,3
202,624,8,A,1,3,1
202,623,8,A,1,3,2
202,625,8,A,1,3,3
202,637,8,A,3,1,1
202,636,8,A,3,1,2
202,635,8,A,3,1,3
202,638,8,A,3,2,1
202,634,8,A,3,2,2
202,639,8,A,7,1,1
202,633,8,A,7,1,2
202,904,8,A,7,1,3
202,900,8,A,7,2,1
202,641,8,A,7,2,2
202,898,8,A,7,2,3
202,640,8,A,7,3,1
202,899,8,A,7,3,2
202,901,8,A,7,3,3
202,903,8,A,7,4,1
202,902,8,A,7,4,2
303,866,1,A,1,1,1
303,867,1,A,1,1,2
303,865,1,A,1,1,3
303,864,1,A,1,2,1
303,878,1,A,1,2,2
303,876,1,A,1,2,3
303,877,1,A,1,3,1
303,868,1,A,1,3,2
303,869,1,A,1,3,3
303,862,1,A,1,4,1
303,863,1,A,1,4,2
303,860,1,A,1,4,3
303,861,1,A,1,5,1
303,856,1,A,1,5,2
303,857,1,A,1,5,3
303,858,1,A,1,6,1
303,859,1,A,1,6,2
303,832,1,A,3,4,1
303,833,1,A,3,4,2
303,834,1,A,3,4,3
303,835,1,A,3,5,1
303,828,1,A,3,5,2
303,829,1,A,3,5,3
303,830,1,A,3,6,1
303,831,1,A,3,6,2
303,842,1,A,3,6,3
303,843,1,A,3,7,1
303,854,1,A,3,7,2
303,855,1,A,3,7,3
303,852,1,A,3,8,1
303,853,1,A,3,8,2
303,836,1,A,3,8,3
303,837,1,A,3,9,1
303,870,1,A,3,9,2
303,871,1,A,3,9,3
303,838,1,A,4,1,1
303,839,1,A,4,1,2
303,872,1,A,4,1,3
303,873,1,A,4,2,1
303,874,1,A,4,2,2
303,875,1,A,4,2,3
303,840,1,A,4,3,1
303,841,1,A,4,3,2
303,848,1,A,4,3,3
303,849,1,A,4,4,1
303,850,1,A,4,4,2
303,851,1,A,4,4,3
303,844,1,A,4,5,1
303,845,1,A,4,5,2
303,846,1,A,4,5,3
303,847,1,A,4,6,1
303,880,1,B,7,1,1
303,890,1,B,7,1,2
303,883,1,B,7,1,3
303,884,1,B,7,2,1
303,879,1,B,7,2,2
303,881,1,B,7,2,3
303,882,1,B,7,3,1
303,891,1,B,7,3,2
303,889,1,B,7,3,3
303,887,1,B,7,4,1
303,888,1,B,7,4,2
303,892,1,B,7,4,3
303,893,1,B,7,5,1
303,894,1,B,7,5,2
303,895,1,B,7,5,3
303,896,1,B,7,6,1
303,897,1,B,7,6,2
303,885,1,B,7,6,3
303,886,1,B,7,7,1
303,788,2,A,1,1,1
303,790,2,A,1,1,2
303,789,2,A,1,1,3
303,802,2,A,1,2,1
303,801,2,A,1,2,2
303,800,2,A,1,2,3
303,821,2,A,1,3,1
303,825,2,A,1,3,2
303,816,2,A,1,3,3
303,824,2,A,1,4,1
303,799,2,A,1,4,2
303,797,2,A,4,1,1
303,817,2,A,4,1,2
303,812,2,A,4,1,3
303,811,2,A,4,2,1
303,794,2,A,4,2,2
303,803,2,A,4,2,3
303,798,2,A,4,3,1
303,791,2,A,4,3,2
303,793,2,A,4,3,3
303,792,2,A,4,4,1
303,819,2,A,4,4,2
303,818,2,A,4,4,3
303,804,2,A,4,5,1
303,805,2,A,4,5,2
303,823,2,A,4,5,3
303,795,2,A,4,6,1
303,827,2,A,4,6,2
303,826,2,A,4,6,3
303,822,2,A,4,7,1
303,806,2,A,4,7,2
303,808,2,A,4,7,3
303,807,2,A,4,8,1
303,810,2,A,4,8,2
303,809,2,A,4,8,3
303,820,2,A,4,9,1
303,814,2,B,7,1,1
303,796,2,B,7,1,2
303,815,2,B,7,1,3
303,813,2,B,7,2,1
303,777,3,A,1,1,1
303,779,3,A,1,1,2
303,778,3,A,1,1,3
303,780,3,A,1,2,1
303,782,3,A,1,2,2
303,781,3,A,1,2,3
303,783,3,A,1,3,1
303,784,3,A,1,3,2
303,785,3,A,1,3,3
303,1005,3,A,1,4,1
303,1007,3,A,1,4,2
303,1008,3,A,1,4,3
303,1004,3,A,1,5,1
303,1006,3,A,1,5,2
303,1012,3,A,1,5,3
303,1013,3,A,1,6,1
303,1011,3,A,1,6,2
303,1009,3,A,1,6,3
303,1010,3,A,1,7,1
303,585,3,A,3,1,1
303,568,3,A,3,1,2
303,567,3,A,3,1,3
303,559,3,A,3,1,4
303,562,3,A,3,1,5
303,582,3,A,3,1,6
303,564,3,A,3,2,1
303,580,3,A,3,2,2
303,587,3,A,3,2,3
303,586,3,A,3,2,4
303,558,3,A,3,2,5
303,572,3,A,3,2,6
303,573,3,A,3,3,1
303,574,3,A,3,3,2
303,583,3,A,3,3,3
303,577,3,A,3,3,4
303,570,3,A,3,3,5
303,584,3,A,3,3,6
303,561,3,A,3,4,1
303,575,3,A,3,4,2
303,576,3,A,3,4,3
303,560,3,A,3,4,4
303,578,3,A,3,4,5
303,588,3,A,3,4,6
303,563,3,A,3,5,1
303,579,3,A,3,5,2
303,566,3,A,3,5,3
303,565,3,A,3,5,4
303,571,3,A,3,5,5
303,569,3,A,3,5,6
303,581,3,A,3,6,1
303,545,3,A,3,6,2
303,544,3,A,3,6,3
303,543,3,A,3,6,4
303,554,3,A,3,6,5
303,557,3,A,3,6,6
303,546,3,A,3,7,1
303,547,3,A,3,7,2
303,553,3,A,3,7,3
303,542,3,A,3,7,4
303,556,3,A,3,7,5
303,550,3,A,3,7,6
303,551,3,A,3,8,1
303,549,3,A,3,8,2
303,552,3,A,3,8,3
303,555,3,A,3,8,4
303,548,3,A,3,8,5
303,541,3,A,3,8,6
303,539,3,A,3,9,1
303,540,3,A,3,9,2
303,1130,3,A,3,9,3
303,1099,3,A,3,9,4
303,1089,3,A,3,9,5
303,1120,3,A,3,9,6
303,1112,3,A,4,1,1
303,1094,3,A,4,1,2
303,1116,3,A,4,1,3
303,1090,3,A,4,1,4
303,1109,3,A,4,1,5
303,1101,3,A,4,1,6
303,1126,3,A,4,2,1
303,1115,3,A,4,2,2
303,1086,3,A,4,2,3
303,1080,3,A,4,2,4
303,1087,3,A,4,2,5
303,1081,3,A,4,2,6
303,1076,3,A,4,3,1
303,1134,3,A,4,3,2
303,1082,3,A,4,3,3
303,1078,3,A,4,3,4
303,1077,3,A,4,3,5
303,1085,3,A,4,3,6
303,1079,3,A,4,4,1
303,1083,3,A,4,4,2
303,1133,3,A,4,4,3
303,1114,3,A,4,4,4
303,1084,3,A,4,4,5
303,1110,3,A,4,4,6
303,1125,3,A,4,5,1
303,1118,3,A,4,5,2
303,1107,3,A,4,5,3
303,1096,3,A,4,5,4
303,1129,3,A,4,5,5
303,1098,3,A,4,5,6
303,1108,3,A,4,6,1
303,1100,3,A,4,6,2
303,1105,3,A,4,6,3
303,1091,3,A,4,6,4
303,1106,3,A,4,6,5
303,1103,3,A,4,6,6
303,1124,3,A,4,7,1
303,1102,3,A,4,7,2
303,1097,3,A,4,7,3
303,1122,3,A,4,7,4
303,1127,3,A,4,7,5
303,1123,3,A,4,7,6
303,1093,3,A,4,8,1
303,1117,3,A,4,8,2
303,1113,3,A,4,8,3
303,1131,3,A,4,8,4
303,1128,3,A,4,8,5
303,1014,3,A,4,8,6
303,1121,3,A,4,9,1
303,1119,3,A,4,9,2
303,1088,3,A,4,9,3
303,1095,3,A,4,9,4
303,1104,3,A,4,9,5
303,1092,3,A,4,9,6
303,1132,3,B,5,1,1
303,1111,3,B,5,1,2
303,771,3,B,6,1,1
303,775,3,B,6,1,2
303,776,3,B,6,1,3
303,770,3,B,6,2,1
303,769,3,B,6,2,2
303,773,3,B,6,2,3
303,774,3,B,6,3,1
303,772,3,B,6,3,2
303,739,3,B,6,3,3
303,740,3,B,6,4,1
303,742,3,B,6,4,2
303,743,3,B,6,4,3
303,744,3,B,6,5,1
303,745,3,B,6,5,2
303,741,3,B,6,5,3
303,738,3,B,6,6,1
303,747,3,B,6,6,2
303,746,3,B,6,6,3
303,1048,3,B,6,7,1
303,1044,3,B,6,7,2
303,1046,3,B,6,7,3
303,1047,3,B,6,8,1
303,1045,3,B,6,8,2
303,1043,3,B,6,8,3
303,1049,3,B,6,9,1
303,750,3,B,7,1,1
303,751,3,B,7,1,2
303,752,3,B,7,1,3
303,765,3,B,7,2,1
303,764,3,B,7,2,2
303,748,3,B,7,2,3
303,749,3,B,7,3,1
303,1036,3,B,7,3,2
303,1037,3,B,7,3,3
303,1040,3,B,7,4,1
303,1039,3,B,7,4,2
303,1038,3,B,7,4,3
303,755,3,B,7,5,1
303,754,3,B,7,5,2
303,757,3,B,7,5,3
303,758,3,B,7,6,1
303,756,3,B,7,6,2
303,753,3,B,7,6,3
303,1034,3,B,7,7,1
303,1033,3,B,7,7,2
303,1031,3,B,7,7,3
303,1032,3,B,7,8,1
303,1027,3,B,7,8,2
303,1030,3,B,7,8,3
303,1028,3,B,7,9,1
303,1029,3,B,7,9,2
303,766,3,B,7,9,3
303,767,3,B,8,1,1
303,768,3,B,8,1,2
303,1041,3,B,8,1,3
303,1042,3,B,8,2,1
303,763,3,B,8,2,2
303,762,3,B,8,2,3
303,760,3,B,8,3,1
303,761,3,B,8,3,2
303,1024,3,B,8,3,3
303,1026,3,B,8,4,1
303,1023,3,B,8,4,2
303,1025,3,B,8,4,3
303,1022,3,B,8,5,1
303,1035,3,B,8,5,2
303,759,3,B,8,5,3
303,1021,3,B,8,6,1
303,1019,3,B,8,6,2
303,1020,3,B,8,6,3
303,786,3,B,8,7,1
303,787,3,B,8,7,2
303,988,3,B,8,7,3
303,989,3,B,8,8,1
303,727,4,A,1,1,1
303,728,4,A,1,1,2
303,725,4,A,1,1,3
303,718,4,A,1,2,1
303,735,4,A,1,2,2
303,732,4,A,1,2,3
303,726,4,A,1,3,1
303,717,4,A,1,3,2
303,716,4,A,1,3,3
303,720,4,A,1,4,1
303,719,4,A,1,4,2
303,737,4,A,1,4,3
303,723,4,A,1,5,1
303,724,4,A,1,5,2
303,721,4,A,1,5,3
303,722,4,A,1,6,1
303,733,4,A,1,6,2
303,734,4,A,1,6,3
303,730,4,A,1,7,1
303,729,4,A,1,7,2
303,731,4,A,1,7,3
303,736,4,A,1,8,1
303,1058,4,A,1,8,2
303,1050,4,A,1,8,3
303,1060,4,A,1,9,1
303,1059,4,A,1,9,2
303,1055,4,A,1,9,3
303,1063,4,A,2,1,1
303,1062,4,A,2,1,2
303,1061,4,A,2,1,3
303,1064,4,A,2,2,1
303,1051,4,A,2,2,2
303,1052,4,A,2,2,3
303,1053,4,A,2,3,1
303,1054,4,A,2,3,2
303,1056,4,A,2,3,3
303,1057,4,A,2,4,1
303,1017,4,A,3,1,1
303,1018,4,A,3,1,2
303,1016,4,A,3,1,3
303,1015,4,A,3,2,1
303,1068,4,A,4,1,1
303,1066,4,A,4,1,2
303,1071,4,A,4,1,3
303,1069,4,A,4,2,1
303,1072,4,A,4,2,2
303,1073,4,A,4,2,3
303,1070,4,A,4,3,1
303,1075,4,A,4,3,2
303,1074,4,A,4,3,3
303,1065,4,A,4,4,1
303,937,4,B,5,1,1
303,613,5,A,1,1,1
303,611,5,A,1,1,2
303,612,5,A,1,1,3
303,607,5,A,1,2,1
303,608,5,A,1,2,2
303,614,5,A,1,2,3
303,615,5,A,1,3,1
303,610,5,A,1,3,2
303,609,5,A,1,3,3
303,590,5,A,1,4,1
303,592,5,A,1,4,2
303,591,5,A,1,4,3
303,594,5,A,1,5,1
303,595,5,A,1,5,2
303,589,5,A,1,5,3
303,596,5,A,1,6,1
303,597,5,A,1,6,2
303,599,5,A,1,6,3
303,598,5,A,1,7,1
303,593,5,A,1,7,2
303,700,5,A,1,7,3
303,602,5,A,3,1,1
303,600,5,A,3,1,2
303,601,5,A,3,1,3
303,603,5,A,3,2,1
303,606,5,A,3,2,2
303,605,5,A,3,2,3
303,604,5,A,3,3,1
303,1003,5,A,3,3,2
303,618,5,B,5,1,1
303,616,5,B,5,1,2
303,617,5,B,5,1,3
303,537,5,B,5,2,1
303,538,5,B,5,2,2
303,999,5,B,5,2,3
303,1001,5,B,5,3,1
303,1000,5,B,5,3,2
303,1002,5,B,5,3,3
303,703,5,B,7,1,1
303,704,5,B,7,1,2
303,702,5,B,7,1,3
303,707,5,B,7,2,1
303,706,5,B,7,2,2
303,705,5,B,7,2,3
303,701,5,B,7,3,1
303,710,5,B,7,3,2
303,712,5,B,7,3,3
303,709,5,B,7,4,1
303,714,5,B,7,4,2
303,713,5,B,7,4,3
303,708,5,B,7,5,1
303,711,5,B,7,5,2
303,715,5,B,7,5,3
303,998,5,B,7,6,1
303,996,5,B,7,6,2
303,997,5,B,7,6,3
303,991,5,B,7,7,1
303,990,5,B,7,7,2
303,992,5,B,7,7,3
303,993,5,B,7,8,1
303,994,5,B,7,8,2
303,995,5,B,7,8,3
303,527,6,A,1,1,1
303,528,6,A,1,1,2
303,525,6,A,1,1,3
303,523,6,A,1,2,1
303,524,6,A,1,2,2
303,526,6,A,1,2,3
303,920,6,A,1,3,1
303,507,6,A,1,3,2
303,505,6,A,1,3,3
303,504,6,A,1,4,1
303,506,6,A,1,4,2
303,503,6,A,1,4,3
303,936,6,A,1,5,1
303,945,6,A,1,5,2
303,934,6,A,1,5,3
303,935,6,A,1,6,1
303,924,6,A,1,6,2
303,925,6,A,1,6,3
303,928,6,A,1,7,1
303,927,6,A,1,7,2
303,929,6,A,1,7,3
303,926,6,A,1,8,1
303,923,6,A,1,8,2
303,921,6,A,1,8,3
303,922,6,A,1,9,1
303,530,6,A,1,9,2
303,531,6,A,1,9,3
303,529,6,A,2,1,1
303,960,6,A,2,1,2
303,961,6,A,2,1,3
303,532,6,A,2,2,1
303,959,6,A,2,2,2
303,510,6,A,3,1,3
303,512,6,A,3,2,1
303,514,6,A,3,2,2
303,511,6,A,3,2,3
303,513,6,A,3,3,1
303,508,6,A,3,3,2
303,509,6,A,3,3,3
303,522,6,A,3,4,1
303,517,6,A,3,4,2
303,518,6,A,3,4,3
303,516,6,A,3,5,1
303,519,6,A,3,5,2
303,521,6,A,3,5,3
303,520,6,A,3,6,1
303,515,6,A,3,6,2
303,535,6,A,3,6,3
303,536,6,A,3,7,1
303,534,6,A,3,7,2
303,533,6,A,3,7,3
303,915,6,A,3,8,1
303,914,6,A,3,8,2
303,913,6,A,3,8,3
303,912,6,A,3,9,1
303,911,6,A,3,9,2
303,949,6,A,3,9,3
303,906,6,A,4,1,1
303,917,6,A,4,1,2
303,918,6,A,4,1,3
303,916,6,A,4,2,1
303,947,6,A,4,2,2
303,910,6,A,4,2,3
303,905,6,A,4,3,1
303,908,6,A,4,3,2
303,919,6,A,4,3,3
303,907,6,A,4,4,1
303,948,6,A,4,4,2
303,909,6,A,4,4,3
303,668,6,B,6,1,1
303,670,6,B,6,1,2
303,669,6,B,6,1,3
303,674,6,B,6,2,1
303,671,6,B,6,2,2
303,676,6,B,6,2,3
303,675,6,B,6,3,1
303,672,6,B,6,3,2
303,673,6,B,6,3,3
303,665,6,B,6,4,1
303,666,6,B,6,4,2
303,663,6,B,6,4,3
303,664,6,B,6,5,1
303,662,6,B,6,5,2
303,660,6,B,6,5,3
303,667,6,B,6,6,1
303,661,6,B,6,6,2
303,932,6,B,6,6,3
303,933,6,B,6,7,1
303,931,6,B,6,7,2
303,930,6,B,6,7,3
303,938,6,B,6,8,1
303,939,6,B,6,8,2
303,950,6,B,6,8,3
303,659,6,B,6,9,1
303,658,6,B,6,9,2
303,657,6,B,6,9,3
303,940,6,B,8,1,1
303,941,6,B,8,1,2
303,942,6,B,8,1,3
303,698,7,A,1,1,2
303,699,7,A,1,1,3
303,688,7,A,1,2,1
303,695,7,A,1,2,2
303,696,7,A,1,2,3
303,697,7,A,1,3,1
303,685,7,A,1,3,2
303,679,7,A,1,3,3
303,680,7,A,1,4,1
303,687,7,A,1,4,2
303,683,7,A,1,4,3
303,684,7,A,1,5,1
303,677,7,A,1,5,2
303,678,7,A,1,5,3
303,692,7,A,1,6,1
303,693,7,A,1,6,2
303,681,7,A,1,6,3
303,682,7,A,1,7,1
303,686,7,A,1,7,2
303,694,7,A,1,7,3
303,690,7,A,1,8,1
303,691,7,A,1,8,2
303,689,7,A,1,8,3
303,970,7,A,1,9,1
303,969,7,A,1,9,2
303,968,7,A,1,9,3
303,646,7,A,3,1,1
303,652,7,A,3,1,2
303,648,7,A,3,1,3
303,650,7,A,3,2,1
303,645,7,A,3,2,2
303,649,7,A,3,2,3
303,644,7,A,3,3,1
303,651,7,A,3,3,2
303,647,7,A,3,3,3
303,655,7,A,3,4,1
303,653,7,A,3,4,2
303,654,7,A,3,4,3
303,656,7,A,3,5,1
303,957,7,A,3,5,2
303,956,7,A,3,5,3
303,958,7,A,3,6,1
303,955,7,A,3,6,2
303,982,7,B,5,1,1
303,983,7,B,5,1,2
303,953,7,B,5,1,3
303,977,7,B,5,2,1
303,976,7,B,5,2,2
303,981,7,B,5,2,3
303,984,7,B,5,3,1
303,979,7,B,5,3,2
303,952,7,B,5,3,3
303,951,7,B,5,4,1
303,944,7,B,5,4,2
303,943,7,B,5,4,3
303,971,7,B,5,5,1
303,972,7,B,5,5,2
303,973,7,B,5,5,3
303,974,7,B,5,6,1
303,975,7,B,5,6,2
303,980,7,B,5,6,3
303,946,7,B,5,7,1
303,954,7,B,5,7,2
303,978,7,B,5,7,3
303,987,7,B,5,8,1
303,985,7,B,5,8,2
303,986,7,B,5,8,3
303,631,7,B,7,1,1
303,632,7,B,7,1,2
303,967,7,B,7,1,3
303,643,7,B,7,2,1
303,642,7,B,7,2,2
303,962,7,B,7,2,3
303,966,7,B,7,3,1
303,963,7,B,7,3,2
303,964,7,B,7,3,3
303,965,7,B,7,4,1
303,629,8,A,1,1,1
303,627,8,A,1,1,2
303,628,8,A,1,1,3
303,630,8,A,1,2,1
303,622,8,A,1,2,2
303,626,8,A,1,2,3
303,624,8,A,1,3,1
303,623,8,A,1,3,2
303,625,8,A,1,3,3
303,637,8,A,3,1,1
303,636,8,A,3,1,2
303,635,8,A,3,1,3
303,638,8,A,3,2,1
303,634,8,A,3,2,2
303,639,8,A,7,1,1
303,633,8,A,7,1,2
303,904,8,A,7,1,3
303,900,8,A,7,2,1
303,641,8,A,7,2,2
303,898,8,A,7,2,3
303,640,8,A,7,3,1
303,899,8,A,7,3,2
303,901,8,A,7,3,3
303,903,8,A,7,4,1
303,902,8,A,7,4,2
404,866,1,A,1,1,1
404,867,1,A,1,1,2
404,865,1,A,1,1,3
404,864,1,A,1,2,1
404,878,1,A,1,2,2
404,876,1,A,1,2,3
404,877,1,A,1,3,1
404,868,1,A,1,3,2
404,869,1,A,1,3,3
404,862,1,A,1,4,1
404,863,1,A,1,4,2
404,860,1,A,1,4,3
404,861,1,A,1,5,1
404,856,1,A,1,5,2
404,857,1,A,1,5,3
404,858,1,A,1,6,1
404,859,1,A,1,6,2
404,832,1,A,3,4,1
404,833,1,A,3,4,2
404,834,1,A,3,4,3
404,835,1,A,3,5,1
404,828,1,A,3,5,2
404,829,1,A,3,5,3
404,830,1,A,3,6,1
404,831,1,A,3,6,2
404,842,1,A,3,6,3
404,843,1,A,3,7,1
404,854,1,A,3,7,2
404,855,1,A,3,7,3
404,852,1,A,3,8,1
404,853,1,A,3,8,2
404,836,1,A,3,8,3
404,837,1,A,3,9,1
404,870,1,A,3,9,2
404,871,1,A,3,9,3
404,838,1,A,4,1,1
404,839,1,A,4,1,2
404,872,1,A,4,1,3
404,873,1,A,4,2,1
404,874,1,A,4,2,2
404,875,1,A,4,2,3
404,840,1,A,4,3,1
404,841,1,A,4,3,2
404,848,1,A,4,3,3
404,849,1,A,4,4,1
404,850,1,A,4,4,2
404,851,1,A,4,4,3
404,844,1,A,4,5,1
404,845,1,A,4,5,2
404,846,1,A,4,5,3
404,847,1,A,4,6,1
404,880,1,B,7,1,1
404,890,1,B,7,1,2
404,883,1,B,7,1,3
404,884,1,B,7,2,1
404,879,1,B,7,2,2
404,881,1,B,7,2,3
404,882,1,B,7,3,1
404,891,1,B,7,3,2
404,889,1,B,7,3,3
404,887,1,B,7,4,1
404,888,1,B,7,4,2
404,892,1,B,7,4,3
404,893,1,B,7,5,1
404,894,1,B,7,5,2
404,895,1,B,7,5,3
404,896,1,B,7,6,1
404,897,1,B,7,6,2
404,885,1,B,7,6,3
404,886,1,B,7,7,1
404,788,2,A,1,1,1
404,790,2,A,1,1,2
404,789,2,A,1,1,3
404,802,2,A,1,2,1
404,801,2,A,1,2,2
404,800,2,A,1,2,3
404,821,2,A,1,3,1
404,825,2,A,1,3,2
404,816,2,A,1,3,3
404,824,2,A,1,4,1
404,799,2,A,1,4,2
404,797,2,A,4,1,1
404,817,2,A,4,1,2
404,812,2,A,4,1,3
404,811,2,A,4,2,1
404,794,2,A,4,2,2
404,803,2,A,4,2,3
404,798,2,A,4,3,1
404,791,2,A,4,3,2
404,793,2,A,4,3,3
404,792,2,A,4,4,1
404,819,2,A,4,4,2
404,818,2,A,4,4,3
404,804,2,A,4,5,1
404,805,2,A,4,5,2
404,823,2,A,4,5,3
404,795,2,A,4,6,1
404,827,2,A,4,6,2
404,826,2,A,4,6,3
404,822,2,A,4,7,1
404,806,2,A,4,7,2
404,808,2,A,4,7,3
404,807,2,A,4,8,1
404,810,2,A,4,8,2
404,809,2,A,4,8,3
404,820,2,A,4,9,1
404,814,2,B,7,1,1
404,796,2,B,7,1,2
404,815,2,B,7,1,3
404,813,2,B,7,2,1
404,777,3,A,1,1,1
404,779,3,A,1,1,2
404,778,3,A,1,1,3
404,780,3,A,1,2,1
404,782,3,A,1,2,2
404,781,3,A,1,2,3
404,783,3,A,1,3,1
404,784,3,A,1,3,2
404,785,3,A,1,3,3
404,1005,3,A,1,4,1
404,1007,3,A,1,4,2
404,1008,3,A,1,4,3
404,1004,3,A,1,5,1
404,1006,3,A,1,5,2
404,1012,3,A,1,5,3
404,1013,3,A,1,6,1
404,1011,3,A,1,6,2
404,1009,3,A,1,6,3
404,1010,3,A,1,7,1
404,585,3,A,3,1,1
404,568,3,A,3,1,2
404,567,3,A,3,1,3
404,559,3,A,3,1,4
404,562,3,A,3,1,5
404,582,3,A,3,1,6
404,564,3,A,3,2,1
404,580,3,A,3,2,2
404,587,3,A,3,2,3
404,586,3,A,3,2,4
404,558,3,A,3,2,5
404,572,3,A,3,2,6
404,573,3,A,3,3,1
404,574,3,A,3,3,2
404,583,3,A,3,3,3
404,577,3,A,3,3,4
404,570,3,A,3,3,5
404,584,3,A,3,3,6
404,561,3,A,3,4,1
404,575,3,A,3,4,2
404,576,3,A,3,4,3
404,560,3,A,3,4,4
404,578,3,A,3,4,5
404,588,3,A,3,4,6
404,563,3,A,3,5,1
404,579,3,A,3,5,2
404,566,3,A,3,5,3
404,565,3,A,3,5,4
404,571,3,A,3,5,5
404,569,3,A,3,5,6
404,581,3,A,3,6,1
404,545,3,A,3,6,2
404,544,3,A,3,6,3
404,543,3,A,3,6,4
404,554,3,A,3,6,5
404,557,3,A,3,6,6
404,546,3,A,3,7,1
404,547,3,A,3,7,2
404,553,3,A,3,7,3
404,542,3,A,3,7,4
404,556,3,A,3,7,5
404,550,3,A,3,7,6
404,551,3,A,3,8,1
404,549,3,A,3,8,2
404,552,3,A,3,8,3
404,555,3,A,3,8,4
404,548,3,A,3,8,5
404,541,3,A,3,8,6
404,539,3,A,3,9,1
404,540,3,A,3,9,2
404,1130,3,A,3,9,3
404,1099,3,A,3,9,4
404,1089,3,A,3,9,5
404,1120,3,A,3,9,6
404,1112,3,A,4,1,1
404,1094,3,A,4,1,2
404,1116,3,A,4,1,3
404,1090,3,A,4,1,4
404,1109,3,A,4,1,5
404,1101,3,A,4,1,6
404,1126,3,A,4,2,1
404,1115,3,A,4,2,2
404,1086,3,A,4,2,3
404,1080,3,A,4,2,4
404,1087,3,A,4,2,5
404,1081,3,A,4,2,6
404,1076,3,A,4,3,1
404,1134,3,A,4,3,2
404,1082,3,A,4,3,3
404,1078,3,A,4,3,4
404,1077,3,A,4,3,5
404,1085,3,A,4,3,6
404,1079,3,A,4,4,1
404,1083,3,A,4,4,2
404,1133,3,A,4,4,3
404,1114,3,A,4,4,4
404,1084,3,A,4,4,5
404,1110,3,A,4,4,6
404,1125,3,A,4,5,1
404,1118,3,A,4,5,2
404,1107,3,A,4,5,3
404,1096,3,A,4,5,4
404,1129,3,A,4,5,5
404,1098,3,A,4,5,6
404,1108,3,A,4,6,1
404,1100,3,A,4,6,2
404,1105,3,A,4,6,3
404,1091,3,A,4,6,4
404,1106,3,A,4,6,5
404,1103,3,A,4,6,6
404,1124,3,A,4,7,1
404,1102,3,A,4,7,2
404,1097,3,A,4,7,3
404,1122,3,A,4,7,4
404,1127,3,A,4,7,5
404,1123,3,A,4,7,6
404,1093,3,A,4,8,1
404,1117,3,A,4,8,2
404,1113,3,A,4,8,3
404,1131,3,A,4,8,4
404,1128,3,A,4,8,5
404,1014,3,A,4,8,6
404,1121,3,A,4,9,1
404,1119,3,A,4,9,2
404,1088,3,A,4,9,3
404,1095,3,A,4,9,4
404,1104,3,A,4,9,5
404,1092,3,A,4,9,6
404,1132,3,B,5,1,1
404,1111,3,B,5,1,2
404,771,3,B,6,1,1
404,775,3,B,6,1,2
404,776,3,B,6,1,3
404,770,3,B,6,2,1
404,769,3,B,6,2,2
404,773,3,B,6,2,3
404,774,3,B,6,3,1
404,772,3,B,6,3,2
404,739,3,B,6,3,3
404,740,3,B,6,4,1
404,742,3,B,6,4,2
404,743,3,B,6,4,3
404,744,3,B,6,5,1
404,745,3,B,6,5,2
404,741,3,B,6,5,3
404,738,3,B,6,6,1
404,747,3,B,6,6,2
404,746,3,B,6,6,3
404,1048,3,B,6,7,1
404,1044,3,B,6,7,2
404,1046,3,B,6,7,3
404,1047,3,B,6,8,1
404,1045,3,B,6,8,2
404,1043,3,B,6,8,3
404,1049,3,B,6,9,1
404,750,3,B,7,1,1
404,751,3,B,7,1,2
404,752,3,B,7,1,3
404,765,3,B,7,2,1
404,764,3,B,7,2,2
404,748,3,B,7,2,3
404,749,3,B,7,3,1
404,1036,3,B,7,3,2
404,1037,3,B,7,3,3
404,1040,3,B,7,4,1
404,1039,3,B,7,4,2
404,1038,3,B,7,4,3
404,755,3,B,7,5,1
404,754,3,B,7,5,2
404,757,3,B,7,5,3
404,758,3,B,7,6,1
404,756,3,B,7,6,2
404,753,3,B,7,6,3
404,1034,3,B,7,7,1
404,1033,3,B,7,7,2
404,1031,3,B,7,7,3
404,1032,3,B,7,8,1
404,1027,3,B,7,8,2
404,1030,3,B,7,8,3
404,1028,3,B,7,9,1
404,1029,3,B,7,9,2
404,766,3,B,7,9,3
404,767,3,B,8,1,1
404,768,3,B,8,1,2
404,1041,3,B,8,1,3
404,1042,3,B,8,2,1
404,763,3,B,8,2,2
404,762,3,B,8,2,3
404,760,3,B,8,3,1
404,761,3,B,8,3,2
404,1024,3,B,8,3,3
404,1026,3,B,8,4,1
404,1023,3,B,8,4,2
404,1025,3,B,8,4,3
404,1022,3,B,8,5,1
404,1035,3,B,8,5,2
404,759,3,B,8,5,3
404,1021,3,B,8,6,1
404,1019,3,B,8,6,2
404,1020,3,B,8,6,3
404,786,3,B,8,7,1
404,787,3,B,8,7,2
404,988,3,B,8,7,3
404,989,3,B,8,8,1
404,727,4,A,1,1,1
404,728,4,A,1,1,2
404,725,4,A,1,1,3
404,718,4,A,1,2,1
404,735,4,A,1,2,2
404,732,4,A,1,2,3
404,726,4,A,1,3,1
404,717,4,A,1,3,2
404,716,4,A,1,3,3
404,720,4,A,1,4,1
404,719,4,A,1,4,2
404,737,4,A,1,4,3
404,723,4,A,1,5,1
404,724,4,A,1,5,2
404,721,4,A,1,5,3
404,722,4,A,1,6,1
404,733,4,A,1,6,2
404,734,4,A,1,6,3
404,730,4,A,1,7,1
404,729,4,A,1,7,2
404,731,4,A,1,7,3
404,736,4,A,1,8,1
404,1058,4,A,1,8,2
404,1050,4,A,1,8,3
404,1060,4,A,1,9,1
404,1059,4,A,1,9,2
404,1055,4,A,1,9,3
404,1063,4,A,2,1,1
404,1062,4,A,2,1,2
404,1061,4,A,2,1,3
404,1064,4,A,2,2,1
404,1051,4,A,2,2,2
404,1052,4,A,2,2,3
404,1053,4,A,2,3,1
404,1054,4,A,2,3,2
404,1056,4,A,2,3,3
404,1057,4,A,2,4,1
404,1017,4,A,3,1,1
404,1018,4,A,3,1,2
404,1016,4,A,3,1,3
404,1015,4,A,3,2,1
404,1068,4,A,4,1,1
404,1066,4,A,4,1,2
404,1071,4,A,4,1,3
404,1069,4,A,4,2,1
404,1072,4,A,4,2,2
404,1073,4,A,4,2,3
404,1070,4,A,4,3,1
404,1075,4,A,4,3,2
404,1074,4,A,4,3,3
404,1065,4,A,4,4,1
404,937,4,B,5,1,1
404,613,5,A,1,1,1
404,611,5,A,1,1,2
404,612,5,A,1,1,3
404,607,5,A,1,2,1
404,608,5,A,1,2,2
404,614,5,A,1,2,3
404,615,5,A,1,3,1
404,610,5,A,1,3,2
404,609,5,A,1,3,3
404,590,5,A,1,4,1
404,592,5,A,1,4,2
404,591,5,A,1,4,3
404,594,5,A,1,5,1
404,595,5,A,1,5,2
404,589,5,A,1,5,3
404,596,5,A,1,6,1
404,597,5,A,1,6,2
404,599,5,A,1,6,3
404,598,5,A,1,7,1
404,593,5,A,1,7,2
404,700,5,A,1,7,3
404,602,5,A,3,1,1
404,600,5,A,3,1,2
404,601,5,A,3,1,3
404,603,5,A,3,2,1
404,606,5,A,3,2,2
404,605,5,A,3,2,3
404,604,5,A,3,3,1
404,1003,5,A,3,3,2
404,618,5,B,5,1,1
404,616,5,B,5,1,2
404,617,5,B,5,1,3
404,537,5,B,5,2,1
404,538,5,B,5,2,2
404,999,5,B,5,2,3
404,1001,5,B,5,3,1
404,1000,5,B,5,3,2
404,1002,5,B,5,3,3
404,703,5,B,7,1,1
404,704,5,B,7,1,2
404,702,5,B,7,1,3
404,707,5,B,7,2,1
404,706,5,B,7,2,2
404,705,5,B,7,2,3
404,701,5,B,7,3,1
404,710,5,B,7,3,2
404,712,5,B,7,3,3
404,709,5,B,7,4,1
404,714,5,B,7,4,2
404,713,5,B,7,4,3
404,708,5,B,7,5,1
404,711,5,B,7,5,2
404,715,5,B,7,5,3
404,998,5,B,7,6,1
404,996,5,B,7,6,2
404,997,5,B,7,6,3
404,991,5,B,7,7,1
404,990,5,B,7,7,2
404,992,5,B,7,7,3
404,993,5,B,7,8,1
404,994,5,B,7,8,2
404,995,5,B,7,8,3
404,527,6,A,1,1,1
404,528,6,A,1,1,2
404,525,6,A,1,1,3
404,523,6,A,1,2,1
404,524,6,A,1,2,2
404,526,6,A,1,2,3
404,920,6,A,1,3,1
404,507,6,A,1,3,2
404,505,6,A,1,3,3
404,504,6,A,1,4,1
404,506,6,A,1,4,2
404,503,6,A,1,4,3
404,936,6,A,1,5,1
404,945,6,A,1,5,2
404,934,6,A,1,5,3
404,935,6,A,1,6,1
404,924,6,A,1,6,2
404,925,6,A,1,6,3
404,928,6,A,1,7,1
404,927,6,A,1,7,2
404,929,6,A,1,7,3
404,926,6,A,1,8,1
404,923,6,A,1,8,2
404,921,6,A,1,8,3
404,922,6,A,1,9,1
404,530,6,A,1,9,2
404,531,6,A,1,9,3
404,529,6,A,2,1,1
404,960,6,A,2,1,2
404,961,6,A,2,1,3
404,532,6,A,2,2,1
404,959,6,A,2,2,2
404,510,6,A,3,1,3
404,512,6,A,3,2,1
404,514,6,A,3,2,2
404,511,6,A,3,2,3
404,513,6,A,3,3,1
404,508,6,A,3,3,2
404,509,6,A,3,3,3
404,522,6,A,3,4,1
404,517,6,A,3,4,2
404,518,6,A,3,4,3
404,516,6,A,3,5,1
404,519,6,A,3,5,2
404,521,6,A,3,5,3
404,520,6,A,3,6,1
404,515,6,A,3,6,2
404,535,6,A,3,6,3
404,536,6,A,3,7,1
404,534,6,A,3,7,2
404,533,6,A,3,7,3
404,915,6,A,3,8,1
404,914,6,A,3,8,2
404,913,6,A,3,8,3
404,912,6,A,3,9,1
404,911,6,A,3,9,2
404,949,6,A,3,9,3
404,906,6,A,4,1,1
404,917,6,A,4,1,2
404,918,6,A,4,1,3
404,916,6,A,4,2,1
404,947,6,A,4,2,2
404,910,6,A,4,2,3
404,905,6,A,4,3,1
404,908,6,A,4,3,2
404,919,6,A,4,3,3
404,907,6,A,4,4,1
404,948,6,A,4,4,2
404,909,6,A,4,4,3
404,668,6,B,6,1,1
404,670,6,B,6,1,2
404,669,6,B,6,1,3
404,674,6,B,6,2,1
404,671,6,B,6,2,2
404,676,6,B,6,2,3
404,675,6,B,6,3,1
404,672,6,B,6,3,2
404,673,6,B,6,3,3
404,665,6,B,6,4,1
404,666,6,B,6,4,2
404,663,6,B,6,4,3
404,664,6,B,6,5,1
404,662,6,B,6,5,2
404,660,6,B,6,5,3
404,667,6,B,6,6,1
404,661,6,B,6,6,2
404,932,6,B,6,6,3
404,933,6,B,6,7,1
404,931,6,B,6,7,2
404,930,6,B,6,7,3
404,938,6,B,6,8,1
404,939,6,B,6,8,2
404,950,6,B,6,8,3
404,659,6,B,6,9,1
404,658,6,B,6,9,2
404,657,6,B,6,9,3
404,940,6,B,8,1,1
404,941,6,B,8,1,2
404,942,6,B,8,1,3
404,698,7,A,1,1,2
404,699,7,A,1,1,3
404,688,7,A,1,2,1
404,695,7,A,1,2,2
404,696,7,A,1,2,3
404,697,7,A,1,3,1
404,685,7,A,1,3,2
404,679,7,A,1,3,3
404,680,7,A,1,4,1
404,687,7,A,1,4,2
404,683,7,A,1,4,3
404,684,7,A,1,5,1
404,677,7,A,1,5,2
404,678,7,A,1,5,3
404,692,7,A,1,6,1
404,693,7,A,1,6,2
404,681,7,A,1,6,3
404,682,7,A,1,7,1
404,686,7,A,1,7,2
404,694,7,A,1,7,3
404,690,7,A,1,8,1
404,691,7,A,1,8,2
404,689,7,A,1,8,3
404,970,7,A,1,9,1
404,969,7,A,1,9,2
404,968,7,A,1,9,3
404,646,7,A,3,1,1
404,652,7,A,3,1,2
404,648,7,A,3,1,3
404,650,7,A,3,2,1
404,645,7,A,3,2,2
404,649,7,A,3,2,3
404,644,7,A,3,3,1
404,651,7,A,3,3,2
404,647,7,A,3,3,3
404,655,7,A,3,4,1
404,653,7,A,3,4,2
404,654,7,A,3,4,3
404,656,7,A,3,5,1
404,957,7,A,3,5,2
404,956,7,A,3,5,3
404,958,7,A,3,6,1
404,955,7,A,3,6,2
404,982,7,B,5,1,1
404,983,7,B,5,1,2
404,953,7,B,5,1,3
404,977,7,B,5,2,1
404,976,7,B,5,2,2
404,981,7,B,5,2,3
404,984,7,B,5,3,1
404,979,7,B,5,3,2
404,952,7,B,5,3,3
404,951,7,B,5,4,1
404,944,7,B,5,4,2
404,943,7,B,5,4,3
404,971,7,B,5,5,1
404,972,7,B,5,5,2
404,973,7,B,5,5,3
404,974,7,B,5,6,1
404,975,7,B,5,6,2
404,980,7,B,5,6,3
404,946,7,B,5,7,1
404,954,7,B,5,7,2
404,978,7,B,5,7,3
404,987,7,B,5,8,1
404,985,7,B,5,8,2
404,986,7,B,5,8,3
404,631,7,B,7,1,1
404,632,7,B,7,1,2
404,967,7,B,7,1,3
404,643,7,B,7,2,1
404,642,7,B,7,2,2
404,962,7,B,7,2,3
404,966,7,B,7,3,1
404,963,7,B,7,3,2
404,964,7,B,7,3,3
404,965,7,B,7,4,1
404,629,8,A,1,1,1
404,627,8,A,1,1,2
404,628,8,A,1,1,3
404,630,8,A,1,2,1
404,622,8,A,1,2,2
404,626,8,A,1,2,3
404,624,8,A,1,3,1
404,623,8,A,1,3,2
404,625,8,A,1,3,3
404,637,8,A,3,1,1
404,636,8,A,3,1,2
404,635,8,A,3,1,3
404,638,8,A,3,2,1
404,634,8,A,3,2,2
404,639,8,A,7,1,1
404,633,8,A,7,1,2
404,904,8,A,7,1,3
404,900,8,A,7,2,1
404,641,8,A,7,2,2
404,898,8,A,7,2,3
404,640,8,A,7,3,1
404,899,8,A,7,3,2
404,901,8,A,7,3,3
404,903,8,A,7,4,1
404,902,8,A,7,4,2
505,866,1,A,1,1,1
505,867,1,A,1,1,2
505,865,1,A,1,1,3
505,864,1,A,1,2,1
505,878,1,A,1,2,2
505,876,1,A,1,2,3
505,877,1,A,1,3,1
505,868,1,A,1,3,2
505,869,1,A,1,3,3
505,862,1,A,1,4,1
505,863,1,A,1,4,2
505,860,1,A,1,4,3
505,861,1,A,1,5,1
505,856,1,A,1,5,2
505,857,1,A,1,5,3
505,858,1,A,1,6,1
505,859,1,A,1,6,2
505,832,1,A,3,4,1
505,833,1,A,3,4,2
505,834,1,A,3,4,3
505,835,1,A,3,5,1
505,828,1,A,3,5,2
505,829,1,A,3,5,3
505,830,1,A,3,6,1
505,831,1,A,3,6,2
505,842,1,A,3,6,3
505,843,1,A,3,7,1
505,854,1,A,3,7,2
505,855,1,A,3,7,3
505,852,1,A,3,8,1
505,853,1,A,3,8,2
505,836,1,A,3,8,3
505,837,1,A,3,9,1
505,870,1,A,3,9,2
505,871,1,A,3,9,3
505,838,1,A,4,1,1
505,839,1,A,4,1,2
505,872,1,A,4,1,3
505,873,1,A,4,2,1
505,874,1,A,4,2,2
505,875,1,A,4,2,3
505,840,1,A,4,3,1
505,841,1,A,4,3,2
505,848,1,A,4,3,3
505,849,1,A,4,4,1
505,850,1,A,4,4,2
505,851,1,A,4,4,3
505,844,1,A,4,5,1
505,845,1,A,4,5,2
505,846,1,A,4,5,3
505,847,1,A,4,6,1
505,880,1,B,7,1,1
505,890,1,B,7,1,2
505,883,1,B,7,1,3
505,884,1,B,7,2,1
505,879,1,B,7,2,2
505,881,1,B,7,2,3
505,882,1,B,7,3,1
505,891,1,B,7,3,2
505,889,1,B,7,3,3
505,887,1,B,7,4,1
505,888,1,B,7,4,2
505,892,1,B,7,4,3
505,893,1,B,7,5,1
505,894,1,B,7,5,2
505,895,1,B,7,5,3
505,896,1,B,7,6,1
505,897,1,B,7,6,2
505,885,1,B,7,6,3
505,886,1,B,7,7,1
505,788,2,A,1,1,1
505,790,2,A,1,1,2
505,789,2,A,1,1,3
505,802,2,A,1,2,1
505,801,2,A,1,2,2
505,800,2,A,1,2,3
505,821,2,A,1,3,1
505,825,2,A,1,3,2
505,816,2,A,1,3,3
505,824,2,A,1,4,1
505,799,2,A,1,4,2
505,797,2,A,4,1,1
505,817,2,A,4,1,2
505,812,2,A,4,1,3
505,811,2,A,4,2,1
505,794,2,A,4,2,2
505,803,2,A,4,2,3
505,798,2,A,4,3,1
505,791,2,A,4,3,2
505,793,2,A,4,3,3
505,792,2,A,4,4,1
505,819,2,A,4,4,2
505,818,2,A,4,4,3
505,804,2,A,4,5,1
505,805,2,A,4,5,2
505,823,2,A,4,5,3
505,795,2,A,4,6,1
505,827,2,A,4,6,2
505,826,2,A,4,6,3
505,822,2,A,4,7,1
505,806,2,A,4,7,2
505,808,2,A,4,7,3
505,807,2,A,4,8,1
505,810,2,A,4,8,2
505,809,2,A,4,8,3
505,820,2,A,4,9,1
505,814,2,B,7,1,1
505,796,2,B,7,1,2
505,815,2,B,7,1,3
505,813,2,B,7,2,1
505,777,3,A,1,1,1
505,779,3,A,1,1,2
505,778,3,A,1,1,3
505,780,3,A,1,2,1
505,782,3,A,1,2,2
505,781,3,A,1,2,3
505,783,3,A,1,3,1
505,784,3,A,1,3,2
505,785,3,A,1,3,3
505,1005,3,A,1,4,1
505,1007,3,A,1,4,2
505,1008,3,A,1,4,3
505,1004,3,A,1,5,1
505,1006,3,A,1,5,2
505,1012,3,A,1,5,3
505,1013,3,A,1,6,1
505,1011,3,A,1,6,2
505,1009,3,A,1,6,3
505,1010,3,A,1,7,1
505,585,3,A,3,1,1
505,568,3,A,3,1,2
505,567,3,A,3,1,3
505,559,3,A,3,1,4
505,562,3,A,3,1,5
505,582,3,A,3,1,6
505,564,3,A,3,2,1
505,580,3,A,3,2,2
505,587,3,A,3,2,3
505,586,3,A,3,2,4
505,558,3,A,3,2,5
505,572,3,A,3,2,6
505,573,3,A,3,3,1
505,574,3,A,3,3,2
505,583,3,A,3,3,3
505,577,3,A,3,3,4
505,570,3,A,3,3,5
505,584,3,A,3,3,6
505,561,3,A,3,4,1
505,575,3,A,3,4,2
505,576,3,A,3,4,3
505,560,3,A,3,4,4
505,578,3,A,3,4,5
505,588,3,A,3,4,6
505,563,3,A,3,5,1
505,579,3,A,3,5,2
505,566,3,A,3,5,3
505,565,3,A,3,5,4
505,571,3,A,3,5,5
505,569,3,A,3,5,6
505,581,3,A,3,6,1
505,545,3,A,3,6,2
505,544,3,A,3,6,3
505,543,3,A,3,6,4
505,554,3,A,3,6,5
505,557,3,A,3,6,6
505,546,3,A,3,7,1
505,547,3,A,3,7,2
505,553,3,A,3,7,3
505,542,3,A,3,7,4
505,556,3,A,3,7,5
505,550,3,A,3,7,6
505,551,3,A,3,8,1
505,549,3,A,3,8,2
505,552,3,A,3,8,3
505,555,3,A,3,8,4
505,548,3,A,3,8,5
505,541,3,A,3,8,6
505,539,3,A,3,9,1
505,540,3,A,3,9,2
505,1130,3,A,3,9,3
505,1099,3,A,3,9,4
505,1089,3,A,3,9,5
505,1120,3,A,3,9,6
505,1112,3,A,4,1,1
505,1094,3,A,4,1,2
505,1116,3,A,4,1,3
505,1090,3,A,4,1,4
505,1109,3,A,4,1,5
505,1101,3,A,4,1,6
505,1126,3,A,4,2,1
505,1115,3,A,4,2,2
505,1086,3,A,4,2,3
505,1080,3,A,4,2,4
505,1087,3,A,4,2,5
505,1081,3,A,4,2,6
505,1076,3,A,4,3,1
505,1134,3,A,4,3,2
505,1082,3,A,4,3,3
505,1078,3,A,4,3,4
505,1077,3,A,4,3,5
505,1085,3,A,4,3,6
505,1079,3,A,4,4,1
505,1083,3,A,4,4,2
505,1133,3,A,4,4,3
505,1114,3,A,4,4,4
505,1084,3,A,4,4,5
505,1110,3,A,4,4,6
505,1125,3,A,4,5,1
505,1118,3,A,4,5,2
505,1107,3,A,4,5,3
505,1096,3,A,4,5,4
505,1129,3,A,4,5,5
505,1098,3,A,4,5,6
505,1108,3,A,4,6,1
505,1100,3,A,4,6,2
505,1105,3,A,4,6,3
505,1091,3,A,4,6,4
505,1106,3,A,4,6,5
505,1103,3,A,4,6,6
505,1124,3,A,4,7,1
505,1102,3,A,4,7,2
505,1097,3,A,4,7,3
505,1122,3,A,4,7,4
505,1127,3,A,4,7,5
505,1123,3,A,4,7,6
505,1093,3,A,4,8,1
505,1117,3,A,4,8,2
505,1113,3,A,4,8,3
505,1131,3,A,4,8,4
505,1128,3,A,4,8,5
505,1014,3,A,4,8,6
505,1121,3,A,4,9,1
505,1119,3,A,4,9,2
505,1088,3,A,4,9,3
505,1095,3,A,4,9,4
505,1104,3,A,4,9,5
505,1092,3,A,4,9,6
505,1132,3,B,5,1,1
505,1111,3,B,5,1,2
505,771,3,B,6,1,1
505,775,3,B,6,1,2
505,776,3,B,6,1,3
505,770,3,B,6,2,1
505,769,3,B,6,2,2
505,773,3,B,6,2,3
505,774,3,B,6,3,1
505,772,3,B,6,3,2
505,739,3,B,6,3,3
505,740,3,B,6,4,1
505,742,3,B,6,4,2
505,743,3,B,6,4,3
505,744,3,B,6,5,1
505,745,3,B,6,5,2
505,741,3,B,6,5,3
505,738,3,B,6,6,1
505,747,3,B,6,6,2
505,746,3,B,6,6,3
505,1048,3,B,6,7,1
505,1044,3,B,6,7,2
505,1046,3,B,6,7,3
505,1047,3,B,6,8,1
505,1045,3,B,6,8,2
505,1043,3,B,6,8,3
505,1049,3,B,6,9,1
505,750,3,B,7,1,1
505,751,3,B,7,1,2
505,752,3,B,7,1,3
505,765,3,B,7,2,1
505,764,3,B,7,2,2
505,748,3,B,7,2,3
505,749,3,B,7,3,1
505,1036,3,B,7,3,2
505,1037,3,B,7,3,3
505,1040,3,B,7,4,1
505,1039,3,B,7,4,2
505,1038,3,B,7,4,3
505,755,3,B,7,5,1
505,754,3,B,7,5,2
505,757,3,B,7,5,3
505,758,3,B,7,6,1
505,756,3,B,7,6,2
505,753,3,B,7,6,3
505,1034,3,B,7,7,1
505,1033,3,B,7,7,2
505,1031,3,B,7,7,3
505,1032,3,B,7,8,1
505,1027,3,B,7,8,2
505,1030,3,B,7,8,3
505,1028,3,B,7,9,1
505,1029,3,B,7,9,2
505,766,3,B,7,9,3
505,767,3,B,8,1,1
505,768,3,B,8,1,2
505,1041,3,B,8,1,3
505,1042,3,B,8,2,1
505,763,3,B,8,2,2
505,762,3,B,8,2,3
505,760,3,B,8,3,1
505,761,3,B,8,3,2
505,1024,3,B,8,3,3
505,1026,3,B,8,4,1
505,1023,3,B,8,4,2
505,1025,3,B,8,4,3
505,1022,3,B,8,5,1
505,1035,3,B,8,5,2
505,759,3,B,8,5,3
505,1021,3,B,8,6,1
505,1019,3,B,8,6,2
505,1020,3,B,8,6,3
505,786,3,B,8,7,1
505,787,3,B,8,7,2
505,988,3,B,8,7,3
505,989,3,B,8,8,1
505,727,4,A,1,1,1
505,728,4,A,1,1,2
505,725,4,A,1,1,3
505,718,4,A,1,2,1
505,735,4,A,1,2,2
505,732,4,A,1,2,3
505,726,4,A,1,3,1
505,717,4,A,1,3,2
505,716,4,A,1,3,3
505,720,4,A,1,4,1
505,719,4,A,1,4,2
505,737,4,A,1,4,3
505,723,4,A,1,5,1
505,724,4,A,1,5,2
505,721,4,A,1,5,3
505,722,4,A,1,6,1
505,733,4,A,1,6,2
505,734,4,A,1,6,3
505,730,4,A,1,7,1
505,729,4,A,1,7,2
505,731,4,A,1,7,3
505,736,4,A,1,8,1
505,1058,4,A,1,8,2
505,1050,4,A,1,8,3
505,1060,4,A,1,9,1
505,1059,4,A,1,9,2
505,1055,4,A,1,9,3
505,1063,4,A,2,1,1
505,1062,4,A,2,1,2
505,1061,4,A,2,1,3
505,1064,4,A,2,2,1
505,1051,4,A,2,2,2
505,1052,4,A,2,2,3
505,1053,4,A,2,3,1
505,1054,4,A,2,3,2
505,1056,4,A,2,3,3
505,1057,4,A,2,4,1
505,1017,4,A,3,1,1
505,1018,4,A,3,1,2
505,1016,4,A,3,1,3
505,1015,4,A,3,2,1
505,1068,4,A,4,1,1
505,1066,4,A,4,1,2
505,1071,4,A,4,1,3
505,1069,4,A,4,2,1
505,1072,4,A,4,2,2
505,1073,4,A,4,2,3
505,1070,4,A,4,3,1
505,1075,4,A,4,3,2
505,1074,4,A,4,3,3
505,1065,4,A,4,4,1
505,937,4,B,5,1,1
505,613,5,A,1,1,1
505,611,5,A,1,1,2
505,612,5,A,1,1,3
505,607,5,A,1,2,1
505,608,5,A,1,2,2
505,614,5,A,1,2,3
505,615,5,A,1,3,1
505,610,5,A,1,3,2
505,609,5,A,1,3,3
505,590,5,A,1,4,1
505,592,5,A,1,4,2
505,591,5,A,1,4,3
505,594,5,A,1,5,1
505,595,5,A,1,5,2
505,589,5,A,1,5,3
505,596,5,A,1,6,1
505,597,5,A,1,6,2
505,599,5,A,1,6,3
505,598,5,A,1,7,1
505,593,5,A,1,7,2
505,700,5,A,1,7,3
505,602,5,A,3,1,1
505,600,5,A,3,1,2
505,601,5,A,3,1,3
505,603,5,A,3,2,1
505,606,5,A,3,2,2
505,605,5,A,3,2,3
505,604,5,A,3,3,1
505,1003,5,A,3,3,2
505,618,5,B,5,1,1
505,616,5,B,5,1,2
505,617,5,B,5,1,3
505,537,5,B,5,2,1
505,538,5,B,5,2,2
505,999,5,B,5,2,3
505,1001,5,B,5,3,1
505,1000,5,B,5,3,2
505,1002,5,B,5,3,3
505,703,5,B,7,1,1
505,704,5,B,7,1,2
505,702,5,B,7,1,3
505,707,5,B,7,2,1
505,706,5,B,7,2,2
505,705,5,B,7,2,3
505,701,5,B,7,3,1
505,710,5,B,7,3,2
505,712,5,B,7,3,3
505,709,5,B,7,4,1
505,714,5,B,7,4,2
505,713,5,B,7,4,3
505,708,5,B,7,5,1
505,711,5,B,7,5,2
505,715,5,B,7,5,3
505,998,5,B,7,6,1
505,996,5,B,7,6,2
505,997,5,B,7,6,3
505,991,5,B,7,7,1
505,990,5,B,7,7,2
505,992,5,B,7,7,3
505,993,5,B,7,8,1
505,994,5,B,7,8,2
505,995,5,B,7,8,3
505,527,6,A,1,1,1
505,528,6,A,1,1,2
505,525,6,A,1,1,3
505,523,6,A,1,2,1
505,524,6,A,1,2,2
505,526,6,A,1,2,3
505,920,6,A,1,3,1
505,507,6,A,1,3,2
505,505,6,A,1,3,3
505,504,6,A,1,4,1
505,506,6,A,1,4,2
505,503,6,A,1,4,3
505,936,6,A,1,5,1
505,945,6,A,1,5,2
505,934,6,A,1,5,3
505,935,6,A,1,6,1
505,924,6,A,1,6,2
505,925,6,A,1,6,3
505,928,6,A,1,7,1
505,927,6,A,1,7,2
505,929,6,A,1,7,3
505,926,6,A,1,8,1
505,923,6,A,1,8,2
505,921,6,A,1,8,3
505,922,6,A,1,9,1
505,530,6,A,1,9,2
505,531,6,A,1,9,3
505,529,6,A,2,1,1
505,960,6,A,2,1,2
505,961,6,A,2,1,3
505,532,6,A,2,2,1
505,959,6,A,2,2,2
505,510,6,A,3,1,3
505,512,6,A,3,2,1
505,514,6,A,3,2,2
505,511,6,A,3,2,3
505,513,6,A,3,3,1
505,508,6,A,3,3,2
505,509,6,A,3,3,3
505,522,6,A,3,4,1
505,517,6,A,3,4,2
505,518,6,A,3,4,3
505,516,6,A,3,5,1
505,519,6,A,3,5,2
505,521,6,A,3,5,3
505,520,6,A,3,6,1
505,515,6,A,3,6,2
505,535,6,A,3,6,3
505,536,6,A,3,7,1
505,534,6,A,3,7,2
505,533,6,A,3,7,3
505,915,6,A,3,8,1
505,914,6,A,3,8,2
505,913,6,A,3,8,3
505,912,6,A,3,9,1
505,911,6,A,3,9,2
505,949,6,A,3,9,3
505,906,6,A,4,1,1
505,917,6,A,4,1,2
505,918,6,A,4,1,3
505,916,6,A,4,2,1
505,947,6,A,4,2,2
505,910,6,A,4,2,3
505,905,6,A,4,3,1
505,908,6,A,4,3,2
505,919,6,A,4,3,3
505,907,6,A,4,4,1
505,948,6,A,4,4,2
505,909,6,A,4,4,3
505,668,6,B,6,1,1
505,670,6,B,6,1,2
505,669,6,B,6,1,3
505,674,6,B,6,2,1
505,671,6,B,6,2,2
505,676,6,B,6,2,3
505,675,6,B,6,3,1
505,672,6,B,6,3,2
505,673,6,B,6,3,3
505,665,6,B,6,4,1
505,666,6,B,6,4,2
505,663,6,B,6,4,3
505,664,6,B,6,5,1
505,662,6,B,6,5,2
505,660,6,B,6,5,3
505,667,6,B,6,6,1
505,661,6,B,6,6,2
505,932,6,B,6,6,3
505,933,6,B,6,7,1
505,931,6,B,6,7,2
505,930,6,B,6,7,3
505,938,6,B,6,8,1
505,939,6,B,6,8,2
505,950,6,B,6,8,3
505,659,6,B,6,9,1
505,658,6,B,6,9,2
505,657,6,B,6,9,3
505,940,6,B,8,1,1
505,941,6,B,8,1,2
505,942,6,B,8,1,3
505,698,7,A,1,1,2
505,699,7,A,1,1,3
505,688,7,A,1,2,1
505,695,7,A,1,2,2
505,696,7,A,1,2,3
505,697,7,A,1,3,1
505,685,7,A,1,3,2
505,679,7,A,1,3,3
505,680,7,A,1,4,1
505,687,7,A,1,4,2
505,683,7,A,1,4,3
505,684,7,A,1,5,1
505,677,7,A,1,5,2
505,678,7,A,1,5,3
505,692,7,A,1,6,1
505,693,7,A,1,6,2
505,681,7,A,1,6,3
505,682,7,A,1,7,1
505,686,7,A,1,7,2
505,694,7,A,1,7,3
505,690,7,A,1,8,1
505,691,7,A,1,8,2
505,689,7,A,1,8,3
505,970,7,A,1,9,1
505,969,7,A,1,9,2
505,968,7,A,1,9,3
505,646,7,A,3,1,1
505,652,7,A,3,1,2
505,648,7,A,3,1,3
505,650,7,A,3,2,1
505,645,7,A,3,2,2
505,649,7,A,3,2,3
505,644,7,A,3,3,1
505,651,7,A,3,3,2
505,647,7,A,3,3,3
505,655,7,A,3,4,1
505,653,7,A,3,4,2
505,654,7,A,3,4,3
505,656,7,A,3,5,1
505,957,7,A,3,5,2
505,956,7,A,3,5,3
505,958,7,A,3,6,1
505,955,7,A,3,6,2
505,982,7,B,5,1,1
505,983,7,B,5,1,2
505,953,7,B,5,1,3
505,977,7,B,5,2,1
505,976,7,B,5,2,2
505,981,7,B,5,2,3
505,984,7,B,5,3,1
505,979,7,B,5,3,2
505,952,7,B,5,3,3
505,951,7,B,5,4,1
505,944,7,B,5,4,2
505,943,7,B,5,4,3
505,971,7,B,5,5,1
505,972,7,B,5,5,2
505,973,7,B,5,5,3
505,974,7,B,5,6,1
505,975,7,B,5,6,2
505,980,7,B,5,6,3
505,946,7,B,5,7,1
505,954,7,B,5,7,2
505,978,7,B,5,7,3
505,987,7,B,5,8,1
505,985,7,B,5,8,2
505,986,7,B,5,8,3
505,631,7,B,7,1,1
505,632,7,B,7,1,2
505,967,7,B,7,1,3
505,643,7,B,7,2,1
505,642,7,B,7,2,2
505,962,7,B,7,2,3
505,966,7,B,7,3,1
505,963,7,B,7,3,2
505,964,7,B,7,3,3
505,965,7,B,7,4,1
505,629,8,A,1,1,1
505,627,8,A,1,1,2
505,628,8,A,1,1,3
505,630,8,A,1,2,1
505,622,8,A,1,2,2
505,626,8,A,1,2,3
505,624,8,A,1,3,1
505,623,8,A,1,3,2
505,625,8,A,1,3,3
505,637,8,A,3,1,1
505,636,8,A,3,1,2
505,635,8,A,3,1,3
505,638,8,A,3,2,1
505,634,8,A,3,2,2
505,639,8,A,7,1,1
505,633,8,A,7,1,2
505,904,8,A,7,1,3
505,900,8,A,7,2,1
505,641,8,A,7,2,2
505,898,8,A,7,2,3
505,640,8,A,7,3,1
505,899,8,A,7,3,2
505,901,8,A,7,3,3
505,903,8,A,7,4,1
505,902,8,A,7,4,2
606,866,1,A,1,1,1
606,867,1,A,1,1,2
606,865,1,A,1,1,3
606,864,1,A,1,2,1
606,878,1,A,1,2,2
606,876,1,A,1,2,3
606,877,1,A,1,3,1
606,868,1,A,1,3,2
606,869,1,A,1,3,3
606,862,1,A,1,4,1
606,863,1,A,1,4,2
606,860,1,A,1,4,3
606,861,1,A,1,5,1
606,856,1,A,1,5,2
606,857,1,A,1,5,3
606,858,1,A,1,6,1
606,859,1,A,1,6,2
606,832,1,A,3,4,1
606,833,1,A,3,4,2
606,834,1,A,3,4,3
606,835,1,A,3,5,1
606,828,1,A,3,5,2
606,829,1,A,3,5,3
606,830,1,A,3,6,1
606,831,1,A,3,6,2
606,842,1,A,3,6,3
606,843,1,A,3,7,1
606,854,1,A,3,7,2
606,855,1,A,3,7,3
606,852,1,A,3,8,1
606,853,1,A,3,8,2
606,836,1,A,3,8,3
606,837,1,A,3,9,1
606,870,1,A,3,9,2
606,871,1,A,3,9,3
606,838,1,A,4,1,1
606,839,1,A,4,1,2
606,872,1,A,4,1,3
606,873,1,A,4,2,1
606,874,1,A,4,2,2
606,875,1,A,4,2,3
606,840,1,A,4,3,1
606,841,1,A,4,3,2
606,848,1,A,4,3,3
606,849,1,A,4,4,1
606,850,1,A,4,4,2
606,851,1,A,4,4,3
606,844,1,A,4,5,1
606,845,1,A,4,5,2
606,846,1,A,4,5,3
606,847,1,A,4,6,1
606,880,1,B,7,1,1
606,890,1,B,7,1,2
606,883,1,B,7,1,3
606,884,1,B,7,2,1
606,879,1,B,7,2,2
606,881,1,B,7,2,3
606,882,1,B,7,3,1
606,891,1,B,7,3,2
606,889,1,B,7,3,3
606,887,1,B,7,4,1
606,888,1,B,7,4,2
606,892,1,B,7,4,3
606,893,1,B,7,5,1
606,894,1,B,7,5,2
606,895,1,B,7,5,3
606,896,1,B,7,6,1
606,897,1,B,7,6,2
606,885,1,B,7,6,3
606,886,1,B,7,7,1
606,788,2,A,1,1,1
606,790,2,A,1,1,2
606,789,2,A,1,1,3
606,802,2,A,1,2,1
606,801,2,A,1,2,2
606,800,2,A,1,2,3
606,821,2,A,1,3,1
606,825,2,A,1,3,2
606,816,2,A,1,3,3
606,824,2,A,1,4,1
606,799,2,A,1,4,2
606,797,2,A,4,1,1
606,817,2,A,4,1,2
606,812,2,A,4,1,3
606,811,2,A,4,2,1
606,794,2,A,4,2,2
606,803,2,A,4,2,3
606,798,2,A,4,3,1
606,791,2,A,4,3,2
606,793,2,A,4,3,3
606,792,2,A,4,4,1
606,819,2,A,4,4,2
606,818,2,A,4,4,3
606,804,2,A,4,5,1
606,805,2,A,4,5,2
606,823,2,A,4,5,3
606,795,2,A,4,6,1
606,827,2,A,4,6,2
606,826,2,A,4,6,3
606,822,2,A,4,7,1
606,806,2,A,4,7,2
606,808,2,A,4,7,3
606,807,2,A,4,8,1
606,810,2,A,4,8,2
606,809,2,A,4,8,3
606,820,2,A,4,9,1
606,814,2,B,7,1,1
606,796,2,B,7,1,2
606,815,2,B,7,1,3
606,813,2,B,7,2,1
606,777,3,A,1,1,1
606,779,3,A,1,1,2
606,778,3,A,1,1,3
606,780,3,A,1,2,1
606,782,3,A,1,2,2
606,781,3,A,1,2,3
606,783,3,A,1,3,1
606,784,3,A,1,3,2
606,785,3,A,1,3,3
606,1005,3,A,1,4,1
606,1007,3,A,1,4,2
606,1008,3,A,1,4,3
606,1004,3,A,1,5,1
606,1006,3,A,1,5,2
606,1012,3,A,1,5,3
606,1013,3,A,1,6,1
606,1011,3,A,1,6,2
606,1009,3,A,1,6,3
606,1010,3,A,1,7,1
606,585,3,A,3,1,1
606,568,3,A,3,1,2
606,567,3,A,3,1,3
606,559,3,A,3,1,4
606,562,3,A,3,1,5
606,582,3,A,3,1,6
606,564,3,A,3,2,1
606,580,3,A,3,2,2
606,587,3,A,3,2,3
606,586,3,A,3,2,4
606,558,3,A,3,2,5
606,572,3,A,3,2,6
606,573,3,A,3,3,1
606,574,3,A,3,3,2
606,583,3,A,3,3,3
606,577,3,A,3,3,4
606,570,3,A,3,3,5
606,584,3,A,3,3,6
606,561,3,A,3,4,1
606,575,3,A,3,4,2
606,576,3,A,3,4,3
606,560,3,A,3,4,4
606,578,3,A,3,4,5
606,588,3,A,3,4,6
606,563,3,A,3,5,1
606,579,3,A,3,5,2
606,566,3,A,3,5,3
606,565,3,A,3,5,4
606,571,3,A,3,5,5
606,569,3,A,3,5,6
606,581,3,A,3,6,1
606,545,3,A,3,6,2
606,544,3,A,3,6,3
606,543,3,A,3,6,4
606,554,3,A,3,6,5
606,557,3,A,3,6,6
606,546,3,A,3,7,1
606,547,3,A,3,7,2
606,553,3,A,3,7,3
606,542,3,A,3,7,4
606,556,3,A,3,7,5
606,550,3,A,3,7,6
606,551,3,A,3,8,1
606,549,3,A,3,8,2
606,552,3,A,3,8,3
606,555,3,A,3,8,4
606,548,3,A,3,8,5
606,541,3,A,3,8,6
606,539,3,A,3,9,1
606,540,3,A,3,9,2
606,1130,3,A,3,9,3
606,1099,3,A,3,9,4
606,1089,3,A,3,9,5
606,1120,3,A,3,9,6
606,1112,3,A,4,1,1
606,1094,3,A,4,1,2
606,1116,3,A,4,1,3
606,1090,3,A,4,1,4
606,1109,3,A,4,1,5
606,1101,3,A,4,1,6
606,1126,3,A,4,2,1
606,1115,3,A,4,2,2
606,1086,3,A,4,2,3
606,1080,3,A,4,2,4
606,1087,3,A,4,2,5
606,1081,3,A,4,2,6
606,1076,3,A,4,3,1
606,1134,3,A,4,3,2
606,1082,3,A,4,3,3
606,1078,3,A,4,3,4
606,1077,3,A,4,3,5
606,1085,3,A,4,3,6
606,1079,3,A,4,4,1
606,1083,3,A,4,4,2
606,1133,3,A,4,4,3
606,1114,3,A,4,4,4
606,1084,3,A,4,4,5
606,1110,3,A,4,4,6
606,1125,3,A,4,5,1
606,1118,3,A,4,5,2
606,1107,3,A,4,5,3
606,1096,3,A,4,5,4
606,1129,3,A,4,5,5
606,1098,3,A,4,5,6
606,1108,3,A,4,6,1
606,1100,3,A,4,6,2
606,1105,3,A,4,6,3
606,1091,3,A,4,6,4
606,1106,3,A,4,6,5
606,1103,3,A,4,6,6
606,1124,3,A,4,7,1
606,1102,3,A,4,7,2
606,1097,3,A,4,7,3
606,1122,3,A,4,7,4
606,1127,3,A,4,7,5
606,1123,3,A,4,7,6
606,1093,3,A,4,8,1
606,1117,3,A,4,8,2
606,1113,3,A,4,8,3
606,1131,3,A,4,8,4
606,1128,3,A,4,8,5
606,1014,3,A,4,8,6
606,1121,3,A,4,9,1
606,1119,3,A,4,9,2
606,1088,3,A,4,9,3
606,1095,3,A,4,9,4
606,1104,3,A,4,9,5
606,1092,3,A,4,9,6
606,1132,3,B,5,1,1
606,1111,3,B,5,1,2
606,771,3,B,6,1,1
606,775,3,B,6,1,2
606,776,3,B,6,1,3
606,770,3,B,6,2,1
606,769,3,B,6,2,2
606,773,3,B,6,2,3
606,774,3,B,6,3,1
606,772,3,B,6,3,2
606,739,3,B,6,3,3
606,740,3,B,6,4,1
606,742,3,B,6,4,2
606,743,3,B,6,4,3
606,744,3,B,6,5,1
606,745,3,B,6,5,2
606,741,3,B,6,5,3
606,738,3,B,6,6,1
606,747,3,B,6,6,2
606,746,3,B,6,6,3
606,1048,3,B,6,7,1
606,1044,3,B,6,7,2
606,1046,3,B,6,7,3
606,1047,3,B,6,8,1
606,1045,3,B,6,8,2
606,1043,3,B,6,8,3
606,1049,3,B,6,9,1
606,750,3,B,7,1,1
606,751,3,B,7,1,2
606,752,3,B,7,1,3
606,765,3,B,7,2,1
606,764,3,B,7,2,2
606,748,3,B,7,2,3
606,749,3,B,7,3,1
606,1036,3,B,7,3,2
606,1037,3,B,7,3,3
606,1040,3,B,7,4,1
606,1039,3,B,7,4,2
606,1038,3,B,7,4,3
606,755,3,B,7,5,1
606,754,3,B,7,5,2
606,757,3,B,7,5,3
606,758,3,B,7,6,1
606,756,3,B,7,6,2
606,753,3,B,7,6,3
606,1034,3,B,7,7,1
606,1033,3,B,7,7,2
606,1031,3,B,7,7,3
606,1032,3,B,7,8,1
606,1027,3,B,7,8,2
606,1030,3,B,7,8,3
606,1028,3,B,7,9,1
606,1029,3,B,7,9,2
606,766,3,B,7,9,3
606,767,3,B,8,1,1
606,768,3,B,8,1,2
606,1041,3,B,8,1,3
606,1042,3,B,8,2,1
606,763,3,B,8,2,2
606,762,3,B,8,2,3
606,760,3,B,8,3,1
606,761,3,B,8,3,2
606,1024,3,B,8,3,3
606,1026,3,B,8,4,1
606,1023,3,B,8,4,2
606,1025,3,B,8,4,3
606,1022,3,B,8,5,1
606,1035,3,B,8,5,2
606,759,3,B,8,5,3
606,1021,3,B,8,6,1
606,1019,3,B,8,6,2
606,1020,3,B,8,6,3
606,786,3,B,8,7,1
606,787,3,B,8,7,2
606,988,3,B,8,7,3
606,989,3,B,8,8,1
606,727,4,A,1,1,1
606,728,4,A,1,1,2
606,725,4,A,1,1,3
606,718,4,A,1,2,1
606,735,4,A,1,2,2
606,732,4,A,1,2,3
606,726,4,A,1,3,1
606,717,4,A,1,3,2
606,716,4,A,1,3,3
606,720,4,A,1,4,1
606,719,4,A,1,4,2
606,737,4,A,1,4,3
606,723,4,A,1,5,1
606,724,4,A,1,5,2
606,721,4,A,1,5,3
606,722,4,A,1,6,1
606,733,4,A,1,6,2
606,734,4,A,1,6,3
606,730,4,A,1,7,1
606,729,4,A,1,7,2
606,731,4,A,1,7,3
606,736,4,A,1,8,1
606,1058,4,A,1,8,2
606,1050,4,A,1,8,3
606,1060,4,A,1,9,1
606,1059,4,A,1,9,2
606,1055,4,A,1,9,3
606,1063,4,A,2,1,1
606,1062,4,A,2,1,2
606,1061,4,A,2,1,3
606,1064,4,A,2,2,1
606,1051,4,A,2,2,2
606,1052,4,A,2,2,3
606,1053,4,A,2,3,1
606,1054,4,A,2,3,2
606,1056,4,A,2,3,3
606,1057,4,A,2,4,1
606,1017,4,A,3,1,1
606,1018,4,A,3,1,2
606,1016,4,A,3,1,3
606,1015,4,A,3,2,1
606,1068,4,A,4,1,1
606,1066,4,A,4,1,2
606,1071,4,A,4,1,3
606,1069,4,A,4,2,1
606,1072,4,A,4,2,2
606,1073,4,A,4,2,3
606,1070,4,A,4,3,1
606,1075,4,A,4,3,2
606,1074,4,A,4,3,3
606,1065,4,A,4,4,1
606,937,4,B,5,1,1
606,613,5,A,1,1,1
606,611,5,A,1,1,2
606,612,5,A,1,1,3
606,607,5,A,1,2,1
606,608,5,A,1,2,2
606,614,5,A,1,2,3
606,615,5,A,1,3,1
606,610,5,A,1,3,2
606,609,5,A,1,3,3
606,590,5,A,1,4,1
606,592,5,A,1,4,2
606,591,5,A,1,4,3
606,594,5,A,1,5,1
606,595,5,A,1,5,2
606,589,5,A,1,5,3
606,596,5,A,1,6,1
606,597,5,A,1,6,2
606,599,5,A,1,6,3
606,598,5,A,1,7,1
606,593,5,A,1,7,2
606,700,5,A,1,7,3
606,602,5,A,3,1,1
606,600,5,A,3,1,2
606,601,5,A,3,1,3
606,603,5,A,3,2,1
606,606,5,A,3,2,2
606,605,5,A,3,2,3
606,604,5,A,3,3,1
606,1003,5,A,3,3,2
606,618,5,B,5,1,1
606,616,5,B,5,1,2
606,617,5,B,5,1,3
606,537,5,B,5,2,1
606,538,5,B,5,2,2
606,999,5,B,5,2,3
606,1001,5,B,5,3,1
606,1000,5,B,5,3,2
606,1002,5,B,5,3,3
606,703,5,B,7,1,1
606,704,5,B,7,1,2
606,702,5,B,7,1,3
606,707,5,B,7,2,1
606,706,5,B,7,2,2
606,705,5,B,7,2,3
606,701,5,B,7,3,1
606,710,5,B,7,3,2
606,712,5,B,7,3,3
606,709,5,B,7,4,1
606,714,5,B,7,4,2
606,713,5,B,7,4,3
606,708,5,B,7,5,1
606,711,5,B,7,5,2
606,715,5,B,7,5,3
606,998,5,B,7,6,1
606,996,5,B,7,6,2
606,997,5,B,7,6,3
606,991,5,B,7,7,1
606,990,5,B,7,7,2
606,992,5,B,7,7,3
606,993,5,B,7,8,1
606,994,5,B,7,8,2
606,995,5,B,7,8,3
606,527,6,A,1,1,1
606,528,6,A,1,1,2
606,525,6,A,1,1,3
606,523,6,A,1,2,1
606,524,6,A,1,2,2
606,526,6,A,1,2,3
606,920,6,A,1,3,1
606,507,6,A,1,3,2
606,505,6,A,1,3,3
606,504,6,A,1,4,1
606,506,6,A,1,4,2
606,503,6,A,1,4,3
606,936,6,A,1,5,1
606,945,6,A,1,5,2
606,934,6,A,1,5,3
606,935,6,A,1,6,1
606,924,6,A,1,6,2
606,925,6,A,1,6,3
606,928,6,A,1,7,1
606,927,6,A,1,7,2
606,929,6,A,1,7,3
606,926,6,A,1,8,1
606,923,6,A,1,8,2
606,921,6,A,1,8,3
606,922,6,A,1,9,1
606,530,6,A,1,9,2
606,531,6,A,1,9,3
606,529,6,A,2,1,1
606,960,6,A,2,1,2
606,961,6,A,2,1,3
606,532,6,A,2,2,1
606,959,6,A,2,2,2
606,510,6,A,3,1,3
606,512,6,A,3,2,1
606,514,6,A,3,2,2
606,511,6,A,3,2,3
606,513,6,A,3,3,1
606,508,6,A,3,3,2
606,509,6,A,3,3,3
606,522,6,A,3,4,1
606,517,6,A,3,4,2
606,518,6,A,3,4,3
606,516,6,A,3,5,1
606,519,6,A,3,5,2
606,521,6,A,3,5,3
606,520,6,A,3,6,1
606,515,6,A,3,6,2
606,535,6,A,3,6,3
606,536,6,A,3,7,1
606,534,6,A,3,7,2
606,533,6,A,3,7,3
606,915,6,A,3,8,1
606,914,6,A,3,8,2
606,913,6,A,3,8,3
606,912,6,A,3,9,1
606,911,6,A,3,9,2
606,949,6,A,3,9,3
606,906,6,A,4,1,1
606,917,6,A,4,1,2
606,918,6,A,4,1,3
606,916,6,A,4,2,1
606,947,6,A,4,2,2
606,910,6,A,4,2,3
606,905,6,A,4,3,1
606,908,6,A,4,3,2
606,919,6,A,4,3,3
606,907,6,A,4,4,1
606,948,6,A,4,4,2
606,909,6,A,4,4,3
606,668,6,B,6,1,1
606,670,6,B,6,1,2
606,669,6,B,6,1,3
606,674,6,B,6,2,1
606,671,6,B,6,2,2
606,676,6,B,6,2,3
606,675,6,B,6,3,1
606,672,6,B,6,3,2
606,673,6,B,6,3,3
606,665,6,B,6,4,1
606,666,6,B,6,4,2
606,663,6,B,6,4,3
606,664,6,B,6,5,1
606,662,6,B,6,5,2
606,660,6,B,6,5,3
606,667,6,B,6,6,1
606,661,6,B,6,6,2
606,932,6,B,6,6,3
606,933,6,B,6,7,1
606,931,6,B,6,7,2
606,930,6,B,6,7,3
606,938,6,B,6,8,1
606,939,6,B,6,8,2
606,950,6,B,6,8,3
606,659,6,B,6,9,1
606,658,6,B,6,9,2
606,657,6,B,6,9,3
606,940,6,B,8,1,1
606,941,6,B,8,1,2
606,942,6,B,8,1,3
606,698,7,A,1,1,2
606,699,7,A,1,1,3
606,688,7,A,1,2,1
606,695,7,A,1,2,2
606,696,7,A,1,2,3
606,697,7,A,1,3,1
606,685,7,A,1,3,2
606,679,7,A,1,3,3
606,680,7,A,1,4,1
606,687,7,A,1,4,2
606,683,7,A,1,4,3
606,684,7,A,1,5,1
606,677,7,A,1,5,2
606,678,7,A,1,5,3
606,692,7,A,1,6,1
606,693,7,A,1,6,2
606,681,7,A,1,6,3
606,682,7,A,1,7,1
606,686,7,A,1,7,2
606,694,7,A,1,7,3
606,690,7,A,1,8,1
606,691,7,A,1,8,2
606,689,7,A,1,8,3
606,970,7,A,1,9,1
606,969,7,A,1,9,2
606,968,7,A,1,9,3
606,646,7,A,3,1,1
606,652,7,A,3,1,2
606,648,7,A,3,1,3
606,650,7,A,3,2,1
606,645,7,A,3,2,2
606,649,7,A,3,2,3
606,644,7,A,3,3,1
606,651,7,A,3,3,2
606,647,7,A,3,3,3
606,655,7,A,3,4,1
606,653,7,A,3,4,2
606,654,7,A,3,4,3
606,656,7,A,3,5,1
606,957,7,A,3,5,2
606,956,7,A,3,5,3
606,958,7,A,3,6,1
606,955,7,A,3,6,2
606,982,7,B,5,1,1
606,983,7,B,5,1,2
606,953,7,B,5,1,3
606,977,7,B,5,2,1
606,976,7,B,5,2,2
606,981,7,B,5,2,3
606,984,7,B,5,3,1
606,979,7,B,5,3,2
606,952,7,B,5,3,3
606,951,7,B,5,4,1
606,944,7,B,5,4,2
606,943,7,B,5,4,3
606,971,7,B,5,5,1
606,972,7,B,5,5,2
606,973,7,B,5,5,3
606,974,7,B,5,6,1
606,975,7,B,5,6,2
606,980,7,B,5,6,3
606,946,7,B,5,7,1
606,954,7,B,5,7,2
606,978,7,B,5,7,3
606,987,7,B,5,8,1
606,985,7,B,5,8,2
606,986,7,B,5,8,3
606,631,7,B,7,1,1
606,632,7,B,7,1,2
606,967,7,B,7,1,3
606,643,7,B,7,2,1
606,642,7,B,7,2,2
606,962,7,B,7,2,3
606,966,7,B,7,3,1
606,963,7,B,7,3,2
606,964,7,B,7,3,3
606,965,7,B,7,4,1
606,629,8,A,1,1,1
606,627,8,A,1,1,2
606,628,8,A,1,1,3
606,630,8,A,1,2,1
606,622,8,A,1,2,2
606,626,8,A,1,2,3
606,624,8,A,1,3,1
606,623,8,A,1,3,2
606,625,8,A,1,3,3
606,637,8,A,3,1,1
606,636,8,A,3,1,2
606,635,8,A,3,1,3
606,638,8,A,3,2,1
606,634,8,A,3,2,2
606,639,8,A,7,1,1
606,633,8,A,7,1,2
606,904,8,A,7,1,3
606,900,8,A,7,2,1
606,641,8,A,7,2,2
606,898,8,A,7,2,3
606,640,8,A,7,3,1
606,899,8,A,7,3,2
606,901,8,A,7,3,3
606,903,8,A,7,4,1
606,902,8,A,7,4,2
707,866,1,A,1,1,1
707,867,1,A,1,1,2
707,865,1,A,1,1,3
707,864,1,A,1,2,1
707,878,1,A,1,2,2
707,876,1,A,1,2,3
707,877,1,A,1,3,1
707,868,1,A,1,3,2
707,869,1,A,1,3,3
707,862,1,A,1,4,1
707,863,1,A,1,4,2
707,860,1,A,1,4,3
707,861,1,A,1,5,1
707,856,1,A,1,5,2
707,857,1,A,1,5,3
707,858,1,A,1,6,1
707,859,1,A,1,6,2
707,832,1,A,3,4,1
707,833,1,A,3,4,2
707,834,1,A,3,4,3
707,835,1,A,3,5,1
707,828,1,A,3,5,2
707,829,1,A,3,5,3
707,830,1,A,3,6,1
707,831,1,A,3,6,2
707,842,1,A,3,6,3
707,843,1,A,3,7,1
707,854,1,A,3,7,2
707,855,1,A,3,7,3
707,852,1,A,3,8,1
707,853,1,A,3,8,2
707,836,1,A,3,8,3
707,837,1,A,3,9,1
707,870,1,A,3,9,2
707,871,1,A,3,9,3
707,838,1,A,4,1,1
707,839,1,A,4,1,2
707,872,1,A,4,1,3
707,873,1,A,4,2,1
707,874,1,A,4,2,2
707,875,1,A,4,2,3
707,840,1,A,4,3,1
707,841,1,A,4,3,2
707,848,1,A,4,3,3
707,849,1,A,4,4,1
707,850,1,A,4,4,2
707,851,1,A,4,4,3
707,844,1,A,4,5,1
707,845,1,A,4,5,2
707,846,1,A,4,5,3
707,847,1,A,4,6,1
707,880,1,B,7,1,1
707,890,1,B,7,1,2
707,883,1,B,7,1,3
707,884,1,B,7,2,1
707,879,1,B,7,2,2
707,881,1,B,7,2,3
707,882,1,B,7,3,1
707,891,1,B,7,3,2
707,889,1,B,7,3,3
707,887,1,B,7,4,1
707,888,1,B,7,4,2
707,892,1,B,7,4,3
707,893,1,B,7,5,1
707,894,1,B,7,5,2
707,895,1,B,7,5,3
707,896,1,B,7,6,1
707,897,1,B,7,6,2
707,885,1,B,7,6,3
707,886,1,B,7,7,1
707,788,2,A,1,1,1
707,790,2,A,1,1,2
707,789,2,A,1,1,3
707,802,2,A,1,2,1
707,801,2,A,1,2,2
707,800,2,A,1,2,3
707,821,2,A,1,3,1
707,825,2,A,1,3,2
707,816,2,A,1,3,3
707,824,2,A,1,4,1
707,799,2,A,1,4,2
707,797,2,A,4,1,1
707,817,2,A,4,1,2
707,812,2,A,4,1,3
707,811,2,A,4,2,1
707,794,2,A,4,2,2
707,803,2,A,4,2,3
707,798,2,A,4,3,1
707,791,2,A,4,3,2
707,793,2,A,4,3,3
707,792,2,A,4,4,1
707,819,2,A,4,4,2
707,818,2,A,4,4,3
707,804,2,A,4,5,1
707,805,2,A,4,5,2
707,823,2,A,4,5,3
707,795,2,A,4,6,1
707,827,2,A,4,6,2
707,826,2,A,4,6,3
707,822,2,A,4,7,1
707,806,2,A,4,7,2
707,808,2,A,4,7,3
707,807,2,A,4,8,1
707,810,2,A,4,8,2
707,809,2,A,4,8,3
707,820,2,A,4,9,1
707,814,2,B,7,1,1
707,796,2,B,7,1,2
707,815,2,B,7,1,3
707,813,2,B,7,2,1
707,777,3,A,1,1,1
707,779,3,A,1,1,2
707,778,3,A,1,1,3
707,780,3,A,1,2,1
707,782,3,A,1,2,2
707,781,3,A,1,2,3
707,783,3,A,1,3,1
707,784,3,A,1,3,2
707,785,3,A,1,3,3
707,1005,3,A,1,4,1
707,1007,3,A,1,4,2
707,1008,3,A,1,4,3
707,1004,3,A,1,5,1
707,1006,3,A,1,5,2
707,1012,3,A,1,5,3
707,1013,3,A,1,6,1
707,1011,3,A,1,6,2
707,1009,3,A,1,6,3
707,1010,3,A,1,7,1
707,585,3,A,3,1,1
707,568,3,A,3,1,2
707,567,3,A,3,1,3
707,559,3,A,3,1,4
707,562,3,A,3,1,5
707,582,3,A,3,1,6
707,564,3,A,3,2,1
707,580,3,A,3,2,2
707,587,3,A,3,2,3
707,586,3,A,3,2,4
707,558,3,A,3,2,5
707,572,3,A,3,2,6
707,573,3,A,3,3,1
707,574,3,A,3,3,2
707,583,3,A,3,3,3
707,577,3,A,3,3,4
707,570,3,A,3,3,5
707,584,3,A,3,3,6
707,561,3,A,3,4,1
707,575,3,A,3,4,2
707,576,3,A,3,4,3
707,560,3,A,3,4,4
707,578,3,A,3,4,5
707,588,3,A,3,4,6
707,563,3,A,3,5,1
707,579,3,A,3,5,2
707,566,3,A,3,5,3
707,565,3,A,3,5,4
707,571,3,A,3,5,5
707,569,3,A,3,5,6
707,581,3,A,3,6,1
707,545,3,A,3,6,2
707,544,3,A,3,6,3
707,543,3,A,3,6,4
707,554,3,A,3,6,5
707,557,3,A,3,6,6
707,546,3,A,3,7,1
707,547,3,A,3,7,2
707,553,3,A,3,7,3
707,542,3,A,3,7,4
707,556,3,A,3,7,5
707,550,3,A,3,7,6
707,551,3,A,3,8,1
707,549,3,A,3,8,2
707,552,3,A,3,8,3
707,555,3,A,3,8,4
707,548,3,A,3,8,5
707,541,3,A,3,8,6
707,539,3,A,3,9,1
707,540,3,A,3,9,2
707,1130,3,A,3,9,3
707,1099,3,A,3,9,4
707,1089,3,A,3,9,5
707,1120,3,A,3,9,6
707,1112,3,A,4,1,1
707,1094,3,A,4,1,2
707,1116,3,A,4,1,3
707,1090,3,A,4,1,4
707,1109,3,A,4,1,5
707,1101,3,A,4,1,6
707,1126,3,A,4,2,1
707,1115,3,A,4,2,2
707,1086,3,A,4,2,3
707,1080,3,A,4,2,4
707,1087,3,A,4,2,5
707,1081,3,A,4,2,6
707,1076,3,A,4,3,1
707,1134,3,A,4,3,2
707,1082,3,A,4,3,3
707,1078,3,A,4,3,4
707,1077,3,A,4,3,5
707,1085,3,A,4,3,6
707,1079,3,A,4,4,1
707,1083,3,A,4,4,2
707,1133,3,A,4,4,3
707,1114,3,A,4,4,4
707,1084,3,A,4,4,5
707,1110,3,A,4,4,6
707,1125,3,A,4,5,1
707,1118,3,A,4,5,2
707,1107,3,A,4,5,3
707,1096,3,A,4,5,4
707,1129,3,A,4,5,5
707,1098,3,A,4,5,6
707,1108,3,A,4,6,1
707,1100,3,A,4,6,2
707,1105,3,A,4,6,3
707,1091,3,A,4,6,4
707,1106,3,A,4,6,5
707,1103,3,A,4,6,6
707,1124,3,A,4,7,1
707,1102,3,A,4,7,2
707,1097,3,A,4,7,3
707,1122,3,A,4,7,4
707,1127,3,A,4,7,5
707,1123,3,A,4,7,6
707,1093,3,A,4,8,1
707,1117,3,A,4,8,2
707,1113,3,A,4,8,3
707,1131,3,A,4,8,4
707,1128,3,A,4,8,5
707,1014,3,A,4,8,6
707,1121,3,A,4,9,1
707,1119,3,A,4,9,2
707,1088,3,A,4,9,3
707,1095,3,A,4,9,4
707,1104,3,A,4,9,5
707,1092,3,A,4,9,6
707,1132,3,B,5,1,1
707,1111,3,B,5,1,2
707,771,3,B,6,1,1
707,775,3,B,6,1,2
707,776,3,B,6,1,3
707,770,3,B,6,2,1
707,769,3,B,6,2,2
707,773,3,B,6,2,3
707,774,3,B,6,3,1
707,772,3,B,6,3,2
707,739,3,B,6,3,3
707,740,3,B,6,4,1
707,742,3,B,6,4,2
707,743,3,B,6,4,3
707,744,3,B,6,5,1
707,745,3,B,6,5,2
707,741,3,B,6,5,3
707,738,3,B,6,6,1
707,747,3,B,6,6,2
707,746,3,B,6,6,3
707,1048,3,B,6,7,1
707,1044,3,B,6,7,2
707,1046,3,B,6,7,3
707,1047,3,B,6,8,1
707,1045,3,B,6,8,2
707,1043,3,B,6,8,3
707,1049,3,B,6,9,1
707,750,3,B,7,1,1
707,751,3,B,7,1,2
707,752,3,B,7,1,3
707,765,3,B,7,2,1
707,764,3,B,7,2,2
707,748,3,B,7,2,3
707,749,3,B,7,3,1
707,1036,3,B,7,3,2
707,1037,3,B,7,3,3
707,1040,3,B,7,4,1
707,1039,3,B,7,4,2
707,1038,3,B,7,4,3
707,755,3,B,7,5,1
707,754,3,B,7,5,2
707,757,3,B,7,5,3
707,758,3,B,7,6,1
707,756,3,B,7,6,2
707,753,3,B,7,6,3
707,1034,3,B,7,7,1
707,1033,3,B,7,7,2
707,1031,3,B,7,7,3
707,1032,3,B,7,8,1
707,1027,3,B,7,8,2
707,1030,3,B,7,8,3
707,1028,3,B,7,9,1
707,1029,3,B,7,9,2
707,766,3,B,7,9,3
707,767,3,B,8,1,1
707,768,3,B,8,1,2
707,1041,3,B,8,1,3
707,1042,3,B,8,2,1
707,763,3,B,8,2,2
707,762,3,B,8,2,3
707,760,3,B,8,3,1
707,761,3,B,8,3,2
707,1024,3,B,8,3,3
707,1026,3,B,8,4,1
707,1023,3,B,8,4,2
707,1025,3,B,8,4,3
707,1022,3,B,8,5,1
707,1035,3,B,8,5,2
707,759,3,B,8,5,3
707,1021,3,B,8,6,1
707,1019,3,B,8,6,2
707,1020,3,B,8,6,3
707,786,3,B,8,7,1
707,787,3,B,8,7,2
707,988,3,B,8,7,3
707,989,3,B,8,8,1
707,727,4,A,1,1,1
707,728,4,A,1,1,2
707,725,4,A,1,1,3
707,718,4,A,1,2,1
707,735,4,A,1,2,2
707,732,4,A,1,2,3
707,726,4,A,1,3,1
707,717,4,A,1,3,2
707,716,4,A,1,3,3
707,720,4,A,1,4,1
707,719,4,A,1,4,2
707,737,4,A,1,4,3
707,723,4,A,1,5,1
707,724,4,A,1,5,2
707,721,4,A,1,5,3
707,722,4,A,1,6,1
707,733,4,A,1,6,2
707,734,4,A,1,6,3
707,730,4,A,1,7,1
707,729,4,A,1,7,2
707,731,4,A,1,7,3
707,736,4,A,1,8,1
707,1058,4,A,1,8,2
707,1050,4,A,1,8,3
707,1060,4,A,1,9,1
707,1059,4,A,1,9,2
707,1055,4,A,1,9,3
707,1063,4,A,2,1,1
707,1062,4,A,2,1,2
707,1061,4,A,2,1,3
707,1064,4,A,2,2,1
707,1051,4,A,2,2,2
707,1052,4,A,2,2,3
707,1053,4,A,2,3,1
707,1054,4,A,2,3,2
707,1056,4,A,2,3,3
707,1057,4,A,2,4,1
707,1017,4,A,3,1,1
707,1018,4,A,3,1,2
707,1016,4,A,3,1,3
707,1015,4,A,3,2,1
707,1068,4,A,4,1,1
707,1066,4,A,4,1,2
707,1071,4,A,4,1,3
707,1069,4,A,4,2,1
707,1072,4,A,4,2,2
707,1073,4,A,4,2,3
707,1070,4,A,4,3,1
707,1075,4,A,4,3,2
707,1074,4,A,4,3,3
707,1065,4,A,4,4,1
707,937,4,B,5,1,1
707,613,5,A,1,1,1
707,611,5,A,1,1,2
707,612,5,A,1,1,3
707,607,5,A,1,2,1
707,608,5,A,1,2,2
707,614,5,A,1,2,3
707,615,5,A,1,3,1
707,610,5,A,1,3,2
707,609,5,A,1,3,3
707,590,5,A,1,4,1
707,592,5,A,1,4,2
707,591,5,A,1,4,3
707,594,5,A,1,5,1
707,595,5,A,1,5,2
707,589,5,A,1,5,3
707,596,5,A,1,6,1
707,597,5,A,1,6,2
707,599,5,A,1,6,3
707,598,5,A,1,7,1
707,593,5,A,1,7,2
707,700,5,A,1,7,3
707,602,5,A,3,1,1
707,600,5,A,3,1,2
707,601,5,A,3,1,3
707,603,5,A,3,2,1
707,606,5,A,3,2,2
707,605,5,A,3,2,3
707,604,5,A,3,3,1
707,1003,5,A,3,3,2
707,618,5,B,5,1,1
707,616,5,B,5,1,2
707,617,5,B,5,1,3
707,537,5,B,5,2,1
707,538,5,B,5,2,2
707,999,5,B,5,2,3
707,1001,5,B,5,3,1
707,1000,5,B,5,3,2
707,1002,5,B,5,3,3
707,703,5,B,7,1,1
707,704,5,B,7,1,2
707,702,5,B,7,1,3
707,707,5,B,7,2,1
707,706,5,B,7,2,2
707,705,5,B,7,2,3
707,701,5,B,7,3,1
707,710,5,B,7,3,2
707,712,5,B,7,3,3
707,709,5,B,7,4,1
707,714,5,B,7,4,2
707,713,5,B,7,4,3
707,708,5,B,7,5,1
707,711,5,B,7,5,2
707,715,5,B,7,5,3
707,998,5,B,7,6,1
707,996,5,B,7,6,2
707,997,5,B,7,6,3
707,991,5,B,7,7,1
707,990,5,B,7,7,2
707,992,5,B,7,7,3
707,993,5,B,7,8,1
707,994,5,B,7,8,2
707,995,5,B,7,8,3
707,527,6,A,1,1,1
707,528,6,A,1,1,2
707,525,6,A,1,1,3
707,523,6,A,1,2,1
707,524,6,A,1,2,2
707,526,6,A,1,2,3
707,920,6,A,1,3,1
707,507,6,A,1,3,2
707,505,6,A,1,3,3
707,504,6,A,1,4,1
707,506,6,A,1,4,2
707,503,6,A,1,4,3
707,936,6,A,1,5,1
707,945,6,A,1,5,2
707,934,6,A,1,5,3
707,935,6,A,1,6,1
707,924,6,A,1,6,2
707,925,6,A,1,6,3
707,928,6,A,1,7,1
707,927,6,A,1,7,2
707,929,6,A,1,7,3
707,926,6,A,1,8,1
707,923,6,A,1,8,2
707,921,6,A,1,8,3
707,922,6,A,1,9,1
707,530,6,A,1,9,2
707,531,6,A,1,9,3
707,529,6,A,2,1,1
707,960,6,A,2,1,2
707,961,6,A,2,1,3
707,532,6,A,2,2,1
707,959,6,A,2,2,2
707,510,6,A,3,1,3
707,512,6,A,3,2,1
707,514,6,A,3,2,2
707,511,6,A,3,2,3
707,513,6,A,3,3,1
707,508,6,A,3,3,2
707,509,6,A,3,3,3
707,522,6,A,3,4,1
707,517,6,A,3,4,2
707,518,6,A,3,4,3
707,516,6,A,3,5,1
707,519,6,A,3,5,2
707,521,6,A,3,5,3
707,520,6,A,3,6,1
707,515,6,A,3,6,2
707,535,6,A,3,6,3
707,536,6,A,3,7,1
707,534,6,A,3,7,2
707,533,6,A,3,7,3
707,915,6,A,3,8,1
707,914,6,A,3,8,2
707,913,6,A,3,8,3
707,912,6,A,3,9,1
707,911,6,A,3,9,2
707,949,6,A,3,9,3
707,906,6,A,4,1,1
707,917,6,A,4,1,2
707,918,6,A,4,1,3
707,916,6,A,4,2,1
707,947,6,A,4,2,2
707,910,6,A,4,2,3
707,905,6,A,4,3,1
707,908,6,A,4,3,2
707,919,6,A,4,3,3
707,907,6,A,4,4,1
707,948,6,A,4,4,2
707,909,6,A,4,4,3
707,668,6,B,6,1,1
707,670,6,B,6,1,2
707,669,6,B,6,1,3
707,674,6,B,6,2,1
707,671,6,B,6,2,2
707,676,6,B,6,2,3
707,675,6,B,6,3,1
707,672,6,B,6,3,2
707,673,6,B,6,3,3
707,665,6,B,6,4,1
707,666,6,B,6,4,2
707,663,6,B,6,4,3
707,664,6,B,6,5,1
707,662,6,B,6,5,2
707,660,6,B,6,5,3
707,667,6,B,6,6,1
707,661,6,B,6,6,2
707,932,6,B,6,6,3
707,933,6,B,6,7,1
707,931,6,B,6,7,2
707,930,6,B,6,7,3
707,938,6,B,6,8,1
707,939,6,B,6,8,2
707,950,6,B,6,8,3
707,659,6,B,6,9,1
707,658,6,B,6,9,2
707,657,6,B,6,9,3
707,940,6,B,8,1,1
707,941,6,B,8,1,2
707,942,6,B,8,1,3
707,698,7,A,1,1,2
707,699,7,A,1,1,3
707,688,7,A,1,2,1
707,695,7,A,1,2,2
707,696,7,A,1,2,3
707,697,7,A,1,3,1
707,685,7,A,1,3,2
707,679,7,A,1,3,3
707,680,7,A,1,4,1
707,687,7,A,1,4,2
707,683,7,A,1,4,3
707,684,7,A,1,5,1
707,677,7,A,1,5,2
707,678,7,A,1,5,3
707,692,7,A,1,6,1
707,693,7,A,1,6,2
707,681,7,A,1,6,3
707,682,7,A,1,7,1
707,686,7,A,1,7,2
707,694,7,A,1,7,3
707,690,7,A,1,8,1
707,691,7,A,1,8,2
707,689,7,A,1,8,3
707,970,7,A,1,9,1
707,969,7,A,1,9,2
707,968,7,A,1,9,3
707,646,7,A,3,1,1
707,652,7,A,3,1,2
707,648,7,A,3,1,3
707,650,7,A,3,2,1
707,645,7,A,3,2,2
707,649,7,A,3,2,3
707,644,7,A,3,3,1
707,651,7,A,3,3,2
707,647,7,A,3,3,3
707,655,7,A,3,4,1
707,653,7,A,3,4,2
707,654,7,A,3,4,3
707,656,7,A,3,5,1
707,957,7,A,3,5,2
707,956,7,A,3,5,3
707,958,7,A,3,6,1
707,955,7,A,3,6,2
707,982,7,B,5,1,1
707,983,7,B,5,1,2
707,953,7,B,5,1,3
707,977,7,B,5,2,1
707,976,7,B,5,2,2
707,981,7,B,5,2,3
707,984,7,B,5,3,1
707,979,7,B,5,3,2
707,952,7,B,5,3,3
707,951,7,B,5,4,1
707,944,7,B,5,4,2
707,943,7,B,5,4,3
707,971,7,B,5,5,1
707,972,7,B,5,5,2
707,973,7,B,5,5,3
707,974,7,B,5,6,1
707,975,7,B,5,6,2
707,980,7,B,5,6,3
707,946,7,B,5,7,1
707,954,7,B,5,7,2
707,978,7,B,5,7,3
707,987,7,B,5,8,1
707,985,7,B,5,8,2
707,986,7,B,5,8,3
707,631,7,B,7,1,1
707,632,7,B,7,1,2
707,967,7,B,7,1,3
707,643,7,B,7,2,1
707,642,7,B,7,2,2
707,962,7,B,7,2,3
707,966,7,B,7,3,1
707,963,7,B,7,3,2
707,964,7,B,7,3,3
707,965,7,B,7,4,1
707,629,8,A,1,1,1
707,627,8,A,1,1,2
707,628,8,A,1,1,3
707,630,8,A,1,2,1
707,622,8,A,1,2,2
707,626,8,A,1,2,3
707,624,8,A,1,3,1
707,623,8,A,1,3,2
707,625,8,A,1,3,3
707,637,8,A,3,1,1
707,636,8,A,3,1,2
707,635,8,A,3,1,3
707,638,8,A,3,2,1
707,634,8,A,3,2,2
707,639,8,A,7,1,1
707,633,8,A,7,1,2
707,904,8,A,7,1,3
707,900,8,A,7,2,1
707,641,8,A,7,2,2
707,898,8,A,7,2,3
707,640,8,A,7,3,1
707,899,8,A,7,3,2
707,901,8,A,7,3,3
707,903,8,A,7,4,1
707,902,8,A,7,4,2
808,866,1,A,1,1,1
808,867,1,A,1,1,2
808,865,1,A,1,1,3
808,864,1,A,1,2,1
808,878,1,A,1,2,2
808,876,1,A,1,2,3
808,877,1,A,1,3,1
808,868,1,A,1,3,2
808,869,1,A,1,3,3
808,862,1,A,1,4,1
808,863,1,A,1,4,2
808,860,1,A,1,4,3
808,861,1,A,1,5,1
808,856,1,A,1,5,2
808,857,1,A,1,5,3
808,858,1,A,1,6,1
808,859,1,A,1,6,2
808,832,1,A,3,4,1
808,833,1,A,3,4,2
808,834,1,A,3,4,3
808,835,1,A,3,5,1
808,828,1,A,3,5,2
808,829,1,A,3,5,3
808,830,1,A,3,6,1
808,831,1,A,3,6,2
808,842,1,A,3,6,3
808,843,1,A,3,7,1
808,854,1,A,3,7,2
808,855,1,A,3,7,3
808,852,1,A,3,8,1
808,853,1,A,3,8,2
808,836,1,A,3,8,3
808,837,1,A,3,9,1
808,870,1,A,3,9,2
808,871,1,A,3,9,3
808,838,1,A,4,1,1
808,839,1,A,4,1,2
808,872,1,A,4,1,3
808,873,1,A,4,2,1
808,874,1,A,4,2,2
808,875,1,A,4,2,3
808,840,1,A,4,3,1
808,841,1,A,4,3,2
808,848,1,A,4,3,3
808,849,1,A,4,4,1
808,850,1,A,4,4,2
808,851,1,A,4,4,3
808,844,1,A,4,5,1
808,845,1,A,4,5,2
808,846,1,A,4,5,3
808,847,1,A,4,6,1
808,880,1,B,7,1,1
808,890,1,B,7,1,2
808,883,1,B,7,1,3
808,884,1,B,7,2,1
808,879,1,B,7,2,2
808,881,1,B,7,2,3
808,882,1,B,7,3,1
808,891,1,B,7,3,2
808,889,1,B,7,3,3
808,887,1,B,7,4,1
808,888,1,B,7,4,2
808,892,1,B,7,4,3
808,893,1,B,7,5,1
808,894,1,B,7,5,2
808,895,1,B,7,5,3
808,896,1,B,7,6,1
808,897,1,B,7,6,2
808,885,1,B,7,6,3
808,886,1,B,7,7,1
808,788,2,A,1,1,1
808,790,2,A,1,1,2
808,789,2,A,1,1,3
808,802,2,A,1,2,1
808,801,2,A,1,2,2
808,800,2,A,1,2,3
808,821,2,A,1,3,1
808,825,2,A,1,3,2
808,816,2,A,1,3,3
808,824,2,A,1,4,1
808,799,2,A,1,4,2
808,797,2,A,4,1,1
808,817,2,A,4,1,2
808,812,2,A,4,1,3
808,811,2,A,4,2,1
808,794,2,A,4,2,2
808,803,2,A,4,2,3
808,798,2,A,4,3,1
808,791,2,A,4,3,2
808,793,2,A,4,3,3
808,792,2,A,4,4,1
808,819,2,A,4,4,2
808,818,2,A,4,4,3
808,804,2,A,4,5,1
808,805,2,A,4,5,2
808,823,2,A,4,5,3
808,795,2,A,4,6,1
808,827,2,A,4,6,2
808,826,2,A,4,6,3
808,822,2,A,4,7,1
808,806,2,A,4,7,2
808,808,2,A,4,7,3
808,807,2,A,4,8,1
808,810,2,A,4,8,2
808,809,2,A,4,8,3
808,820,2,A,4,9,1
808,814,2,B,7,1,1
808,796,2,B,7,1,2
808,815,2,B,7,1,3
808,813,2,B,7,2,1
808,777,3,A,1,1,1
808,779,3,A,1,1,2
808,778,3,A,1,1,3
808,780,3,A,1,2,1
808,782,3,A,1,2,2
808,781,3,A,1,2,3
808,783,3,A,1,3,1
808,784,3,A,1,3,2
808,785,3,A,1,3,3
808,1005,3,A,1,4,1
808,1007,3,A,1,4,2
808,1008,3,A,1,4,3
808,1004,3,A,1,5,1
808,1006,3,A,1,5,2
808,1012,3,A,1,5,3
808,1013,3,A,1,6,1
808,1011,3,A,1,6,2
808,1009,3,A,1,6,3
808,1010,3,A,1,7,1
808,585,3,A,3,1,1
808,568,3,A,3,1,2
808,567,3,A,3,1,3
808,559,3,A,3,1,4
808,562,3,A,3,1,5
808,582,3,A,3,1,6
808,564,3,A,3,2,1
808,580,3,A,3,2,2
808,587,3,A,3,2,3
808,586,3,A,3,2,4
808,558,3,A,3,2,5
808,572,3,A,3,2,6
808,573,3,A,3,3,1
808,574,3,A,3,3,2
808,583,3,A,3,3,3
808,577,3,A,3,3,4
808,570,3,A,3,3,5
808,584,3,A,3,3,6
808,561,3,A,3,4,1
808,575,3,A,3,4,2
808,576,3,A,3,4,3
808,560,3,A,3,4,4
808,578,3,A,3,4,5
808,588,3,A,3,4,6
808,563,3,A,3,5,1
808,579,3,A,3,5,2
808,566,3,A,3,5,3
808,565,3,A,3,5,4
808,571,3,A,3,5,5
808,569,3,A,3,5,6
808,581,3,A,3,6,1
808,545,3,A,3,6,2
808,544,3,A,3,6,3
808,543,3,A,3,6,4
808,554,3,A,3,6,5
808,557,3,A,3,6,6
808,546,3,A,3,7,1
808,547,3,A,3,7,2
808,553,3,A,3,7,3
808,542,3,A,3,7,4
808,556,3,A,3,7,5
808,550,3,A,3,7,6
808,551,3,A,3,8,1
808,549,3,A,3,8,2
808,552,3,A,3,8,3
808,555,3,A,3,8,4
808,548,3,A,3,8,5
808,541,3,A,3,8,6
808,539,3,A,3,9,1
808,540,3,A,3,9,2
808,1130,3,A,3,9,3
808,1099,3,A,3,9,4
808,1089,3,A,3,9,5
808,1120,3,A,3,9,6
808,1112,3,A,4,1,1
808,1094,3,A,4,1,2
808,1116,3,A,4,1,3
808,1090,3,A,4,1,4
808,1109,3,A,4,1,5
808,1101,3,A,4,1,6
808,1126,3,A,4,2,1
808,1115,3,A,4,2,2
808,1086,3,A,4,2,3
808,1080,3,A,4,2,4
808,1087,3,A,4,2,5
808,1081,3,A,4,2,6
808,1076,3,A,4,3,1
808,1134,3,A,4,3,2
808,1082,3,A,4,3,3
808,1078,3,A,4,3,4
808,1077,3,A,4,3,5
808,1085,3,A,4,3,6
808,1079,3,A,4,4,1
808,1083,3,A,4,4,2
808,1133,3,A,4,4,3
808,1114,3,A,4,4,4
808,1084,3,A,4,4,5
808,1110,3,A,4,4,6
808,1125,3,A,4,5,1
808,1118,3,A,4,5,2
808,1107,3,A,4,5,3
808,1096,3,A,4,5,4
808,1129,3,A,4,5,5
808,1098,3,A,4,5,6
808,1108,3,A,4,6,1
808,1100,3,A,4,6,2
808,1105,3,A,4,6,3
808,1091,3,A,4,6,4
808,1106,3,A,4,6,5
808,1103,3,A,4,6,6
808,1124,3,A,4,7,1
808,1102,3,A,4,7,2
808,1097,3,A,4,7,3
808,1122,3,A,4,7,4
808,1127,3,A,4,7,5
808,1123,3,A,4,7,6
808,1093,3,A,4,8,1
808,1117,3,A,4,8,2
808,1113,3,A,4,8,3
808,1131,3,A,4,8,4
808,1128,3,A,4,8,5
808,1014,3,A,4,8,6
808,1121,3,A,4,9,1
808,1119,3,A,4,9,2
808,1088,3,A,4,9,3
808,1095,3,A,4,9,4
808,1104,3,A,4,9,5
808,1092,3,A,4,9,6
808,1132,3,B,5,1,1
808,1111,3,B,5,1,2
808,771,3,B,6,1,1
808,775,3,B,6,1,2
808,776,3,B,6,1,3
808,770,3,B,6,2,1
808,769,3,B,6,2,2
808,773,3,B,6,2,3
808,774,3,B,6,3,1
808,772,3,B,6,3,2
808,739,3,B,6,3,3
808,740,3,B,6,4,1
808,742,3,B,6,4,2
808,743,3,B,6,4,3
808,744,3,B,6,5,1
808,745,3,B,6,5,2
808,741,3,B,6,5,3
808,738,3,B,6,6,1
808,747,3,B,6,6,2
808,746,3,B,6,6,3
808,1048,3,B,6,7,1
808,1044,3,B,6,7,2
808,1046,3,B,6,7,3
808,1047,3,B,6,8,1
808,1045,3,B,6,8,2
808,1043,3,B,6,8,3
808,1049,3,B,6,9,1
808,750,3,B,7,1,1
808,751,3,B,7,1,2
808,752,3,B,7,1,3
808,765,3,B,7,2,1
808,764,3,B,7,2,2
808,748,3,B,7,2,3
808,749,3,B,7,3,1
808,1036,3,B,7,3,2
808,1037,3,B,7,3,3
808,1040,3,B,7,4,1
808,1039,3,B,7,4,2
808,1038,3,B,7,4,3
808,755,3,B,7,5,1
808,754,3,B,7,5,2
808,757,3,B,7,5,3
808,758,3,B,7,6,1
808,756,3,B,7,6,2
808,753,3,B,7,6,3
808,1034,3,B,7,7,1
808,1033,3,B,7,7,2
808,1031,3,B,7,7,3
808,1032,3,B,7,8,1
808,1027,3,B,7,8,2
808,1030,3,B,7,8,3
808,1028,3,B,7,9,1
808,1029,3,B,7,9,2
808,766,3,B,7,9,3
808,767,3,B,8,1,1
808,768,3,B,8,1,2
808,1041,3,B,8,1,3
808,1042,3,B,8,2,1
808,763,3,B,8,2,2
808,762,3,B,8,2,3
808,760,3,B,8,3,1
808,761,3,B,8,3,2
808,1024,3,B,8,3,3
808,1026,3,B,8,4,1
808,1023,3,B,8,4,2
808,1025,3,B,8,4,3
808,1022,3,B,8,5,1
808,1035,3,B,8,5,2
808,759,3,B,8,5,3
808,1021,3,B,8,6,1
808,1019,3,B,8,6,2
808,1020,3,B,8,6,3
808,786,3,B,8,7,1
808,787,3,B,8,7,2
808,988,3,B,8,7,3
808,989,3,B,8,8,1
808,727,4,A,1,1,1
808,728,4,A,1,1,2
808,725,4,A,1,1,3
808,718,4,A,1,2,1
808,735,4,A,1,2,2
808,732,4,A,1,2,3
808,726,4,A,1,3,1
808,717,4,A,1,3,2
808,716,4,A,1,3,3
808,720,4,A,1,4,1
808,719,4,A,1,4,2
808,737,4,A,1,4,3
808,723,4,A,1,5,1
808,724,4,A,1,5,2
808,721,4,A,1,5,3
808,722,4,A,1,6,1
808,733,4,A,1,6,2
808,734,4,A,1,6,3
808,730,4,A,1,7,1
808,729,4,A,1,7,2
808,731,4,A,1,7,3
808,736,4,A,1,8,1
808,1058,4,A,1,8,2
808,1050,4,A,1,8,3
808,1060,4,A,1,9,1
808,1059,4,A,1,9,2
808,1055,4,A,1,9,3
808,1063,4,A,2,1,1
808,1062,4,A,2,1,2
808,1061,4,A,2,1,3
808,1064,4,A,2,2,1
808,1051,4,A,2,2,2
808,1052,4,A,2,2,3
808,1053,4,A,2,3,1
808,1054,4,A,2,3,2
808,1056,4,A,2,3,3
808,1057,4,A,2,4,1
808,1017,4,A,3,1,1
808,1018,4,A,3,1,2
808,1016,4,A,3,1,3
808,1015,4,A,3,2,1
808,1068,4,A,4,1,1
808,1066,4,A,4,1,2
808,1071,4,A,4,1,3
808,1069,4,A,4,2,1
808,1072,4,A,4,2,2
808,1073,4,A,4,2,3
808,1070,4,A,4,3,1
808,1075,4,A,4,3,2
808,1074,4,A,4,3,3
808,1065,4,A,4,4,1
808,937,4,B,5,1,1
808,613,5,A,1,1,1
808,611,5,A,1,1,2
808,612,5,A,1,1,3
808,607,5,A,1,2,1
808,608,5,A,1,2,2
808,614,5,A,1,2,3
808,615,5,A,1,3,1
808,610,5,A,1,3,2
808,609,5,A,1,3,3
808,590,5,A,1,4,1
808,592,5,A,1,4,2
808,591,5,A,1,4,3
808,594,5,A,1,5,1
808,595,5,A,1,5,2
808,589,5,A,1,5,3
808,596,5,A,1,6,1
808,597,5,A,1,6,2
808,599,5,A,1,6,3
808,598,5,A,1,7,1
808,593,5,A,1,7,2
808,700,5,A,1,7,3
808,602,5,A,3,1,1
808,600,5,A,3,1,2
808,601,5,A,3,1,3
808,603,5,A,3,2,1
808,606,5,A,3,2,2
808,605,5,A,3,2,3
808,604,5,A,3,3,1
808,1003,5,A,3,3,2
808,618,5,B,5,1,1
808,616,5,B,5,1,2
808,617,5,B,5,1,3
808,537,5,B,5,2,1
808,538,5,B,5,2,2
808,999,5,B,5,2,3
808,1001,5,B,5,3,1
808,1000,5,B,5,3,2
808,1002,5,B,5,3,3
808,703,5,B,7,1,1
808,704,5,B,7,1,2
808,702,5,B,7,1,3
808,707,5,B,7,2,1
808,706,5,B,7,2,2
808,705,5,B,7,2,3
808,701,5,B,7,3,1
808,710,5,B,7,3,2
808,712,5,B,7,3,3
808,709,5,B,7,4,1
808,714,5,B,7,4,2
808,713,5,B,7,4,3
808,708,5,B,7,5,1
808,711,5,B,7,5,2
808,715,5,B,7,5,3
808,998,5,B,7,6,1
808,996,5,B,7,6,2
808,997,5,B,7,6,3
808,991,5,B,7,7,1
808,990,5,B,7,7,2
808,992,5,B,7,7,3
808,993,5,B,7,8,1
808,994,5,B,7,8,2
808,995,5,B,7,8,3
808,527,6,A,1,1,1
808,528,6,A,1,1,2
808,525,6,A,1,1,3
808,523,6,A,1,2,1
808,524,6,A,1,2,2
808,526,6,A,1,2,3
808,920,6,A,1,3,1
808,507,6,A,1,3,2
808,505,6,A,1,3,3
808,504,6,A,1,4,1
808,506,6,A,1,4,2
808,503,6,A,1,4,3
808,936,6,A,1,5,1
808,945,6,A,1,5,2
808,934,6,A,1,5,3
808,935,6,A,1,6,1
808,924,6,A,1,6,2
808,925,6,A,1,6,3
808,928,6,A,1,7,1
808,927,6,A,1,7,2
808,929,6,A,1,7,3
808,926,6,A,1,8,1
808,923,6,A,1,8,2
808,921,6,A,1,8,3
808,922,6,A,1,9,1
808,530,6,A,1,9,2
808,531,6,A,1,9,3
808,529,6,A,2,1,1
808,960,6,A,2,1,2
808,961,6,A,2,1,3
808,532,6,A,2,2,1
808,959,6,A,2,2,2
808,510,6,A,3,1,3
808,512,6,A,3,2,1
808,514,6,A,3,2,2
808,511,6,A,3,2,3
808,513,6,A,3,3,1
808,508,6,A,3,3,2
808,509,6,A,3,3,3
808,522,6,A,3,4,1
808,517,6,A,3,4,2
808,518,6,A,3,4,3
808,516,6,A,3,5,1
808,519,6,A,3,5,2
808,521,6,A,3,5,3
808,520,6,A,3,6,1
808,515,6,A,3,6,2
808,535,6,A,3,6,3
808,536,6,A,3,7,1
808,534,6,A,3,7,2
808,533,6,A,3,7,3
808,915,6,A,3,8,1
808,914,6,A,3,8,2
808,913,6,A,3,8,3
808,912,6,A,3,9,1
808,911,6,A,3,9,2
808,949,6,A,3,9,3
808,906,6,A,4,1,1
808,917,6,A,4,1,2
808,918,6,A,4,1,3
808,916,6,A,4,2,1
808,947,6,A,4,2,2
808,910,6,A,4,2,3
808,905,6,A,4,3,1
808,908,6,A,4,3,2
808,919,6,A,4,3,3
808,907,6,A,4,4,1
808,948,6,A,4,4,2
808,909,6,A,4,4,3
808,668,6,B,6,1,1
808,670,6,B,6,1,2
808,669,6,B,6,1,3
808,674,6,B,6,2,1
808,671,6,B,6,2,2
808,676,6,B,6,2,3
808,675,6,B,6,3,1
808,672,6,B,6,3,2
808,673,6,B,6,3,3
808,665,6,B,6,4,1
808,666,6,B,6,4,2
808,663,6,B,6,4,3
808,664,6,B,6,5,1
808,662,6,B,6,5,2
808,660,6,B,6,5,3
808,667,6,B,6,6,1
808,661,6,B,6,6,2
808,932,6,B,6,6,3
808,933,6,B,6,7,1
808,931,6,B,6,7,2
808,930,6,B,6,7,3
808,938,6,B,6,8,1
808,939,6,B,6,8,2
808,950,6,B,6,8,3
808,659,6,B,6,9,1
808,658,6,B,6,9,2
808,657,6,B,6,9,3
808,940,6,B,8,1,1
808,941,6,B,8,1,2
808,942,6,B,8,1,3
808,698,7,A,1,1,2
808,699,7,A,1,1,3
808,688,7,A,1,2,1
808,695,7,A,1,2,2
808,696,7,A,1,2,3
808,697,7,A,1,3,1
808,685,7,A,1,3,2
808,679,7,A,1,3,3
808,680,7,A,1,4,1
808,687,7,A,1,4,2
808,683,7,A,1,4,3
808,684,7,A,1,5,1
808,677,7,A,1,5,2
808,678,7,A,1,5,3
808,692,7,A,1,6,1
808,693,7,A,1,6,2
808,681,7,A,1,6,3
808,682,7,A,1,7,1
808,686,7,A,1,7,2
808,694,7,A,1,7,3
808,690,7,A,1,8,1
808,691,7,A,1,8,2
808,689,7,A,1,8,3
808,970,7,A,1,9,1
808,969,7,A,1,9,2
808,968,7,A,1,9,3
808,646,7,A,3,1,1
808,652,7,A,3,1,2
808,648,7,A,3,1,3
808,650,7,A,3,2,1
808,645,7,A,3,2,2
808,649,7,A,3,2,3
808,644,7,A,3,3,1
808,651,7,A,3,3,2
808,647,7,A,3,3,3
808,655,7,A,3,4,1
808,653,7,A,3,4,2
808,654,7,A,3,4,3
808,656,7,A,3,5,1
808,957,7,A,3,5,2
808,956,7,A,3,5,3
808,958,7,A,3,6,1
808,955,7,A,3,6,2
808,982,7,B,5,1,1
808,983,7,B,5,1,2
808,953,7,B,5,1,3
808,977,7,B,5,2,1
808,976,7,B,5,2,2
808,981,7,B,5,2,3
808,984,7,B,5,3,1
808,979,7,B,5,3,2
808,952,7,B,5,3,3
808,951,7,B,5,4,1
808,944,7,B,5,4,2
808,943,7,B,5,4,3
808,971,7,B,5,5,1
808,972,7,B,5,5,2
808,973,7,B,5,5,3
808,974,7,B,5,6,1
808,975,7,B,5,6,2
808,980,7,B,5,6,3
808,946,7,B,5,7,1
808,954,7,B,5,7,2
808,978,7,B,5,7,3
808,987,7,B,5,8,1
808,985,7,B,5,8,2
808,986,7,B,5,8,3
808,631,7,B,7,1,1
808,632,7,B,7,1,2
808,967,7,B,7,1,3
808,643,7,B,7,2,1
808,642,7,B,7,2,2
808,962,7,B,7,2,3
808,966,7,B,7,3,1
808,963,7,B,7,3,2
808,964,7,B,7,3,3
808,965,7,B,7,4,1
808,629,8,A,1,1,1
808,627,8,A,1,1,2
808,628,8,A,1,1,3
808,630,8,A,1,2,1
808,622,8,A,1,2,2
808,626,8,A,1,2,3
808,624,8,A,1,3,1
808,623,8,A,1,3,2
808,625,8,A,1,3,3
808,637,8,A,3,1,1
808,636,8,A,3,1,2
808,635,8,A,3,1,3
808,638,8,A,3,2,1
808,634,8,A,3,2,2
808,639,8,A,7,1,1
808,633,8,A,7,1,2
808,904,8,A,7,1,3
808,900,8,A,7,2,1
808,641,8,A,7,2,2
808,898,8,A,7,2,3
808,640,8,A,7,3,1
808,899,8,A,7,3,2
808,901,8,A,7,3,3
808,903,8,A,7,4,1
808,902,8,A,7,4,2
